{
    "$schema": "https://schema.management.azure.com/schemas/2015-01-01/deploymentTemplate.json#",
    "contentVersion": "1.0.0.0",
    "parameters": {
        "IotHubs_iothub64343bb1_connectionString": {
            "type": "SecureString"
        },
        "IotHubs_iothub64343bb1_containerName": {
            "type": "SecureString"
        },
        "sites_iotfunc64343bb1_name": {
            "defaultValue": "iotfunc64343bb1",
            "type": "String"
        },
        "serverfarms_WestUSPlan_name": {
            "defaultValue": "WestUSPlan",
            "type": "String"
        },
        "sites_iotwebapp64343bb1_name": {
            "defaultValue": "iotwebapp64343bb1",
            "type": "String"
        },
        "IotHubs_iothub64343bb1_name": {
            "defaultValue": "iothub64343bb1",
            "type": "String"
        },
        "components_iotapp64343bb1_name": {
            "defaultValue": "iotapp64343bb1",
            "type": "String"
        },
        "accounts_iotdls64343bb1_name": {
            "defaultValue": "iotdls64343bb1",
            "type": "String"
        },
        "components_iotwebapp64343bb1_name": {
            "defaultValue": "iotwebapp64343bb1",
            "type": "String"
        },
        "serverfarms_ASP_IoTCapstoneRG_89b9_name": {
            "defaultValue": "ASP-IoTCapstoneRG-89b9",
            "type": "String"
        },
        "metricAlerts_Device_20connected_name": {
            "defaultValue": "Device%20connected",
            "type": "String"
        },
        "storageAccounts_iotstore64343bb1_name": {
            "defaultValue": "iotstore64343bb1",
            "type": "String"
        },
        "accounts_iotdla64343bb1_name": {
            "defaultValue": "iotdla64343bb1",
            "type": "String"
        },
        "streamingjobs_iotasa64343bb1_name": {
            "defaultValue": "iotasa64343bb1",
            "type": "String"
        },
        "databaseAccounts_iotcosmos64343bb1_name": {
            "defaultValue": "iotcosmos64343bb1",
            "type": "String"
        },
        "environments_iottsi64343bb1_name": {
            "defaultValue": "iottsi64343bb1",
            "type": "String"
        },
        "actionGroups_Application_20Insights_20Smart_20Detection_name": {
            "defaultValue": "Application%20Insights%20Smart%20Detection",
            "type": "String"
        },
        "smartdetectoralertrules_failure_anomalies___iotapp64343bb1_name": {
            "defaultValue": "failure anomalies - iotapp64343bb1",
            "type": "String"
        },
        "smartdetectoralertrules_failure_anomalies___iotwebapp64343bb1_name": {
            "defaultValue": "failure anomalies - iotwebapp64343bb1",
            "type": "String"
        }
    },
    "variables": {},
    "resources": [
        {
            "type": "Microsoft.DataLakeAnalytics/accounts",
            "apiVersion": "2016-11-01",
            "name": "[parameters('accounts_iotdla64343bb1_name')]",
            "location": "centralus",
            "properties": {
                "firewallState": "Disabled",
                "firewallAllowAzureIps": "Disabled",
                "firewallRules": [],
                "defaultDataLakeStoreAccount": "iotdls64343bb1",
                "dataLakeStoreAccounts": [
                    {
                        "properties": {
                            "suffix": "azuredatalakestore.net"
                        },
                        "name": "iotdls64343bb1"
                    }
                ],
                "storageAccounts": [],
                "maxDegreeOfParallelism": 32,
                "maxJobCount": 20,
                "maxDegreeOfParallelismPerJob": 32,
                "minPriorityPerJob": 1,
                "computePolicies": [],
                "queryStoreRetention": 30,
                "newTier": "Consumption"
            }
        },
        {
            "type": "Microsoft.DataLakeStore/accounts",
            "apiVersion": "2016-11-01",
            "name": "[parameters('accounts_iotdls64343bb1_name')]",
            "location": "centralus",
            "properties": {
                "firewallState": "Disabled",
                "firewallAllowAzureIps": "Disabled",
                "firewallRules": [],
                "trustedIdProviderState": "Disabled",
                "trustedIdProviders": [],
                "encryptionState": "Enabled",
                "encryptionConfig": {
                    "type": "ServiceManaged"
                },
                "newTier": "Consumption"
            }
        },
        {
            "type": "Microsoft.Devices/IotHubs",
            "apiVersion": "2019-07-01-preview",
            "name": "[parameters('IotHubs_iothub64343bb1_name')]",
            "location": "westus",
            "sku": {
                "name": "F1",
                "tier": "Free",
                "capacity": 1
            },
            "properties": {
                "ipFilterRules": [],
                "eventHubEndpoints": {
                    "events": {
                        "retentionTimeInDays": 1,
                        "partitionCount": 2
                    }
                },
                "routing": {
                    "endpoints": {
                        "serviceBusQueues": [],
                        "serviceBusTopics": [],
                        "eventHubs": [],
                        "storageContainers": [
                            {
                                "connectionString": "DefaultEndpointsProtocol=https;AccountName=iotstore64343bb1;AccountKey=****",
                                "containerName": "cosmoscontainer",
                                "fileNameFormat": "{iothub}/{partition}/{YYYY}/{MM}/{DD}/{HH}/{mm}",
                                "batchFrequencyInSeconds": 100,
                                "maxChunkSizeInBytes": 104857600,
                                "encoding": "json",
                                "name": "cosmosdb",
                                "subscriptionId": "b807f41d-1831-4123-bc8b-823ca25d6c7d",
                                "resourceGroup": "IoTCapstoneRG"
                            }
                        ]
                    },
                    "routes": [
                        {
                            "name": "route2streamanalytics",
                            "source": "DeviceMessages",
                            "condition": "true",
                            "endpointNames": [
                                "events"
                            ],
                            "isEnabled": true
                        },
                        {
                            "name": "streamtocosmos",
                            "source": "DeviceMessages",
                            "condition": "true",
                            "endpointNames": [
                                "cosmosdb"
                            ],
                            "isEnabled": true
                        }
                    ],
                    "fallbackRoute": {
                        "name": "$fallback",
                        "source": "DeviceMessages",
                        "condition": "true",
                        "endpointNames": [
                            "events"
                        ],
                        "isEnabled": true
                    }
                },
                "storageEndpoints": {
                    "$default": {
                        "sasTtlAsIso8601": "PT1H",
                        "connectionString": "[parameters('IotHubs_iothub64343bb1_connectionString')]",
                        "containerName": "[parameters('IotHubs_iothub64343bb1_containerName')]"
                    }
                },
                "messagingEndpoints": {
                    "fileNotifications": {
                        "lockDurationAsIso8601": "PT1M",
                        "ttlAsIso8601": "PT1H",
                        "maxDeliveryCount": 10
                    }
                },
                "enableFileUploadNotifications": false,
                "cloudToDevice": {
                    "maxDeliveryCount": 10,
                    "defaultTtlAsIso8601": "PT1H",
                    "feedback": {
                        "lockDurationAsIso8601": "PT1M",
                        "ttlAsIso8601": "PT1H",
                        "maxDeliveryCount": 10
                    }
                },
                "features": "None"
            }
        },
        {
            "type": "Microsoft.DocumentDB/databaseAccounts",
            "apiVersion": "2019-08-01",
            "name": "[parameters('databaseAccounts_iotcosmos64343bb1_name')]",
            "location": "Australia Central",
            "tags": {
                "defaultExperience": "Core (SQL)"
            },
            "kind": "GlobalDocumentDB",
            "properties": {
                "enableAutomaticFailover": false,
                "enableMultipleWriteLocations": false,
                "isVirtualNetworkFilterEnabled": false,
                "virtualNetworkRules": [],
                "disableKeyBasedMetadataWriteAccess": false,
                "databaseAccountOfferType": "Standard",
                "consistencyPolicy": {
                    "defaultConsistencyLevel": "Session",
                    "maxIntervalInSeconds": 5,
                    "maxStalenessPrefix": 100
                },
                "locations": [
                    {
                        "locationName": "Australia Central",
                        "provisioningState": "Succeeded",
                        "failoverPriority": 0,
                        "isZoneRedundant": false
                    }
                ],
                "capabilities": []
            }
        },
        {
            "type": "microsoft.insights/actionGroups",
            "apiVersion": "2019-03-01",
            "name": "[parameters('actionGroups_Application_20Insights_20Smart_20Detection_name')]",
            "location": "Global",
            "properties": {
                "groupShortName": "SmartDetect",
                "enabled": true,
                "emailReceivers": [],
                "smsReceivers": [],
                "webhookReceivers": [],
                "itsmReceivers": [],
                "azureAppPushReceivers": [],
                "automationRunbookReceivers": [],
                "voiceReceivers": [],
                "logicAppReceivers": [],
                "azureFunctionReceivers": []
            }
        },
        {
            "type": "microsoft.insights/components",
            "apiVersion": "2015-05-01",
            "name": "[parameters('components_iotapp64343bb1_name')]",
            "location": "westus",
            "kind": "web",
            "properties": {
                "Application_Type": "web"
            }
        },
        {
            "type": "microsoft.insights/components",
            "apiVersion": "2015-05-01",
            "name": "[parameters('components_iotwebapp64343bb1_name')]",
            "location": "centralus",
            "kind": "web",
            "properties": {
                "Application_Type": "web",
                "Request_Source": "IbizaWebAppExtensionCreate"
            }
        },
        {
            "type": "Microsoft.Storage/storageAccounts",
            "apiVersion": "2019-04-01",
            "name": "[parameters('storageAccounts_iotstore64343bb1_name')]",
            "location": "westus",
            "sku": {
                "name": "Standard_LRS",
                "tier": "Standard"
            },
            "kind": "StorageV2",
            "properties": {
                "networkAcls": {
                    "bypass": "AzureServices",
                    "virtualNetworkRules": [],
                    "ipRules": [],
                    "defaultAction": "Allow"
                },
                "supportsHttpsTrafficOnly": true,
                "encryption": {
                    "services": {
                        "file": {
                            "enabled": true
                        },
                        "blob": {
                            "enabled": true
                        }
                    },
                    "keySource": "Microsoft.Storage"
                },
                "accessTier": "Cool"
            }
        },
        {
            "type": "Microsoft.StreamAnalytics/streamingjobs",
            "apiVersion": "2016-03-01",
            "name": "[parameters('streamingjobs_iotasa64343bb1_name')]",
            "location": "West US",
            "identity": {
                "principalId": "c9e544e3-e238-4287-b3c8-118d0e267d7b",
                "tenantId": "a48d489d-c9d7-4ecd-a998-12419c15f1d8",
                "type": "SystemAssigned"
            },
            "properties": {
                "sku": {
                    "name": "Standard"
                },
                "outputStartMode": "CustomTime",
                "outputStartTime": "2019-11-18T12:53:47Z",
                "eventsOutOfOrderPolicy": "Adjust",
                "outputErrorPolicy": "Stop",
                "eventsOutOfOrderMaxDelayInSeconds": 0,
                "eventsLateArrivalMaxDelayInSeconds": 5,
                "dataLocale": "en-US",
                "compatibilityLevel": "1.1"
            }
        },
        {
            "type": "Microsoft.TimeSeriesInsights/environments",
            "apiVersion": "2017-11-15",
            "name": "[parameters('environments_iottsi64343bb1_name')]",
            "location": "eastus",
            "sku": {
                "name": "S1",
                "capacity": 1
            },
            "kind": "Standard",
            "properties": {
                "dataRetentionTime": "P30D",
                "storageLimitExceededBehavior": "PurgeOldData"
            }
        },
        {
            "type": "Microsoft.Web/serverfarms",
            "apiVersion": "2018-02-01",
            "name": "[parameters('serverfarms_ASP_IoTCapstoneRG_89b9_name')]",
            "location": "Central US",
            "sku": {
                "name": "S1",
                "tier": "Standard",
                "size": "S1",
                "family": "S",
                "capacity": 1
            },
            "kind": "app",
            "properties": {
                "perSiteScaling": false,
                "maximumElasticWorkerCount": 1,
                "isSpot": false,
                "reserved": false,
                "isXenon": false,
                "hyperV": false,
                "targetWorkerCount": 0,
                "targetWorkerSizeId": 0
            }
        },
        {
            "type": "Microsoft.Web/serverfarms",
            "apiVersion": "2018-02-01",
            "name": "[parameters('serverfarms_WestUSPlan_name')]",
            "location": "West US",
            "sku": {
                "name": "Y1",
                "tier": "Dynamic",
                "size": "Y1",
                "family": "Y",
                "capacity": 0
            },
            "kind": "functionapp",
            "properties": {
                "perSiteScaling": false,
                "maximumElasticWorkerCount": 1,
                "isSpot": false,
                "reserved": false,
                "isXenon": false,
                "hyperV": false,
                "targetWorkerCount": 0,
                "targetWorkerSizeId": 0
            }
        },
        {
            "type": "Microsoft.DataLakeAnalytics/accounts/dataLakeStoreAccounts",
            "apiVersion": "2016-11-01",
            "name": "[concat(parameters('accounts_iotdla64343bb1_name'), '/iotdls64343bb1')]",
            "dependsOn": [
                "[resourceId('Microsoft.DataLakeAnalytics/accounts', parameters('accounts_iotdla64343bb1_name'))]"
            ],
            "properties": {
                "suffix": "azuredatalakestore.net"
            }
        },
        {
            "type": "Microsoft.DocumentDB/databaseAccounts/sqlDatabases",
            "apiVersion": "2019-08-01",
            "name": "[concat(parameters('databaseAccounts_iotcosmos64343bb1_name'), '/windfarmdb')]",
            "dependsOn": [
                "[resourceId('Microsoft.DocumentDB/databaseAccounts', parameters('databaseAccounts_iotcosmos64343bb1_name'))]"
            ],
            "properties": {
                "resource": {
                    "id": "windfarmdb"
                },
                "options": {}
            }
        },
        {
            "type": "Microsoft.Storage/storageAccounts/blobServices",
            "apiVersion": "2019-04-01",
            "name": "[concat(parameters('storageAccounts_iotstore64343bb1_name'), '/default')]",
            "dependsOn": [
                "[resourceId('Microsoft.Storage/storageAccounts', parameters('storageAccounts_iotstore64343bb1_name'))]"
            ],
            "properties": {
                "cors": {
                    "corsRules": []
                },
                "deleteRetentionPolicy": {
                    "enabled": false
                }
            }
        },
        {
            "type": "Microsoft.StreamAnalytics/streamingjobs/inputs",
            "apiVersion": "2016-03-01",
            "name": "[concat(parameters('streamingjobs_iotasa64343bb1_name'), '/iothubinput')]",
            "dependsOn": [
                "[resourceId('Microsoft.StreamAnalytics/streamingjobs', parameters('streamingjobs_iotasa64343bb1_name'))]"
            ],
            "properties": {
                "type": "Stream",
                "datasource": {
                    "type": "Microsoft.Devices/IotHubs",
                    "properties": {
                        "iotHubNamespace": "iothub64343bb1",
                        "sharedAccessPolicyName": "iothubowner",
                        "endpoint": "messages/events",
                        "consumerGroupName": "streamanalyticscg"
                    }
                },
                "compression": {
                    "type": "None"
                },
                "partitionKey": "",
                "serialization": {
                    "type": "Json",
                    "properties": {
                        "encoding": "UTF8"
                    }
                },
                "etag": "0c33dd41-e29a-4e3d-ad8a-ae0135d3f18a"
            }
        },
        {
            "type": "Microsoft.StreamAnalytics/streamingjobs/outputs",
            "apiVersion": "2016-03-01",
            "name": "[concat(parameters('streamingjobs_iotasa64343bb1_name'), '/datalake')]",
            "dependsOn": [
                "[resourceId('Microsoft.StreamAnalytics/streamingjobs', parameters('streamingjobs_iotasa64343bb1_name'))]"
            ],
            "properties": {
                "datasource": {
                    "type": "Microsoft.DataLake/Accounts",
                    "properties": {
                        "filePathPrefix": "telemetry/{date}/{time}",
                        "accountName": "iotdls64343bb1",
                        "tenantId": null,
                        "dateFormat": "yyyy/MM/dd",
                        "timeFormat": "HH",
                        "authenticationMode": "Msi",
                        "refreshToken": null,
                        "accessToken": null,
                        "tokenUserPrincipalName": null,
                        "tokenUserDisplayName": null
                    }
                },
                "serialization": {
                    "type": "Json",
                    "properties": {
                        "encoding": "UTF8",
                        "format": "Array"
                    }
                }
            }
        },
        {
            "type": "Microsoft.StreamAnalytics/streamingjobs/outputs",
            "apiVersion": "2016-03-01",
            "name": "[concat(parameters('streamingjobs_iotasa64343bb1_name'), '/function')]",
            "dependsOn": [
                "[resourceId('Microsoft.StreamAnalytics/streamingjobs', parameters('streamingjobs_iotasa64343bb1_name'))]"
            ],
            "properties": {
                "datasource": {
                    "type": "Microsoft.AzureFunction",
                    "properties": {
                        "functionAppName": "iotfunc64343bb1",
                        "functionName": "WindSpeedHttpTrigger",
                        "apiKey": null
                    }
                }
            }
        },
        {
            "type": "Microsoft.StreamAnalytics/streamingjobs/outputs",
            "apiVersion": "2016-03-01",
            "name": "[concat(parameters('streamingjobs_iotasa64343bb1_name'), '/tocosmosdb')]",
            "dependsOn": [
                "[resourceId('Microsoft.StreamAnalytics/streamingjobs', parameters('streamingjobs_iotasa64343bb1_name'))]"
            ],
            "properties": {
                "datasource": {
                    "type": "Microsoft.Storage/DocumentDB",
                    "properties": {
                        "accountId": "iotcosmos64343bb1",
                        "accountKey": null,
                        "database": "windfarmdb",
                        "collectionNamePattern": "windfarmtelemetry"
                    }
                }
            }
        },
        {
            "type": "Microsoft.TimeSeriesInsights/environments/accesspolicies",
            "apiVersion": "2018-08-15-preview",
            "name": "[concat(parameters('environments_iottsi64343bb1_name'), '/ownerAccessPolicyName')]",
            "dependsOn": [
                "[resourceId('Microsoft.TimeSeriesInsights/environments', parameters('environments_iottsi64343bb1_name'))]"
            ],
            "properties": {
                "principalObjectId": "23b1386e-28dd-45fa-bce8-828dd880280e",
                "roles": [
                    "Reader",
                    "Contributor"
                ]
            }
        },
        {
            "type": "Microsoft.Web/sites",
            "apiVersion": "2018-11-01",
            "name": "[parameters('sites_iotfunc64343bb1_name')]",
            "location": "West US",
            "dependsOn": [
                "[resourceId('Microsoft.Web/serverfarms', parameters('serverfarms_WestUSPlan_name'))]"
            ],
            "kind": "functionapp",
            "properties": {
                "enabled": true,
                "hostNameSslStates": [
                    {
                        "name": "[concat(parameters('sites_iotfunc64343bb1_name'), '.azurewebsites.net')]",
                        "sslState": "Disabled",
                        "hostType": "Standard"
                    },
                    {
                        "name": "[concat(parameters('sites_iotfunc64343bb1_name'), '.scm.azurewebsites.net')]",
                        "sslState": "Disabled",
                        "hostType": "Repository"
                    }
                ],
                "serverFarmId": "[resourceId('Microsoft.Web/serverfarms', parameters('serverfarms_WestUSPlan_name'))]",
                "reserved": false,
                "isXenon": false,
                "hyperV": false,
                "scmSiteAlsoStopped": false,
                "clientAffinityEnabled": false,
                "clientCertEnabled": false,
                "hostNamesDisabled": false,
                "containerSize": 1536,
                "dailyMemoryTimeQuota": 0,
                "httpsOnly": false,
                "redundancyMode": "None"
            }
        },
        {
            "type": "Microsoft.Web/sites",
            "apiVersion": "2018-11-01",
            "name": "[parameters('sites_iotwebapp64343bb1_name')]",
            "location": "Central US",
            "dependsOn": [
                "[resourceId('Microsoft.Web/serverfarms', parameters('serverfarms_ASP_IoTCapstoneRG_89b9_name'))]"
            ],
            "kind": "app",
            "properties": {
                "enabled": true,
                "hostNameSslStates": [
                    {
                        "name": "[concat(parameters('sites_iotwebapp64343bb1_name'), '.azurewebsites.net')]",
                        "sslState": "Disabled",
                        "hostType": "Standard"
                    },
                    {
                        "name": "[concat(parameters('sites_iotwebapp64343bb1_name'), '.scm.azurewebsites.net')]",
                        "sslState": "Disabled",
                        "hostType": "Repository"
                    }
                ],
                "serverFarmId": "[resourceId('Microsoft.Web/serverfarms', parameters('serverfarms_ASP_IoTCapstoneRG_89b9_name'))]",
                "reserved": false,
                "isXenon": false,
                "hyperV": false,
                "scmSiteAlsoStopped": false,
                "clientAffinityEnabled": true,
                "clientCertEnabled": false,
                "hostNamesDisabled": false,
                "containerSize": 0,
                "dailyMemoryTimeQuota": 0,
                "httpsOnly": false,
                "redundancyMode": "None"
            }
        },
        {
            "type": "Microsoft.Web/sites/config",
            "apiVersion": "2016-08-01",
            "name": "[concat(parameters('sites_iotfunc64343bb1_name'), '/web')]",
            "location": "West US",
            "dependsOn": [
                "[resourceId('Microsoft.Web/sites', parameters('sites_iotfunc64343bb1_name'))]"
            ],
            "properties": {
                "numberOfWorkers": 1,
                "defaultDocuments": [
                    "Default.htm",
                    "Default.html",
                    "Default.asp",
                    "index.htm",
                    "index.html",
                    "iisstart.htm",
                    "default.aspx",
                    "index.php"
                ],
                "netFrameworkVersion": "v4.0",
                "phpVersion": "5.6",
                "pythonVersion": "",
                "nodeVersion": "",
                "linuxFxVersion": "",
                "requestTracingEnabled": false,
                "remoteDebuggingEnabled": false,
                "httpLoggingEnabled": false,
                "logsDirectorySizeLimit": 35,
                "detailedErrorLoggingEnabled": false,
                "publishingUsername": "$iotfunc64343bb1",
                "scmType": "None",
                "use32BitWorkerProcess": true,
                "webSocketsEnabled": false,
                "alwaysOn": false,
                "appCommandLine": "",
                "managedPipelineMode": "Integrated",
                "virtualApplications": [
                    {
                        "virtualPath": "/",
                        "physicalPath": "site\\wwwroot",
                        "preloadEnabled": false,
                        "virtualDirectories": null
                    }
                ],
                "winAuthAdminState": 0,
                "winAuthTenantState": 0,
                "customAppPoolIdentityAdminState": false,
                "customAppPoolIdentityTenantState": false,
                "loadBalancing": "LeastRequests",
                "routingRules": [],
                "experiments": {
                    "rampUpRules": []
                },
                "autoHealEnabled": false,
                "vnetName": "",
                "siteAuthEnabled": false,
                "siteAuthSettings": {
                    "enabled": null,
                    "unauthenticatedClientAction": null,
                    "tokenStoreEnabled": null,
                    "allowedExternalRedirectUrls": null,
                    "defaultProvider": null,
                    "clientId": null,
                    "clientSecret": null,
                    "clientSecretCertificateThumbprint": null,
                    "issuer": null,
                    "allowedAudiences": null,
                    "additionalLoginParams": null,
                    "isAadAutoProvisioned": false,
                    "googleClientId": null,
                    "googleClientSecret": null,
                    "googleOAuthScopes": null,
                    "facebookAppId": null,
                    "facebookAppSecret": null,
                    "facebookOAuthScopes": null,
                    "twitterConsumerKey": null,
                    "twitterConsumerSecret": null,
                    "microsoftAccountClientId": null,
                    "microsoftAccountClientSecret": null,
                    "microsoftAccountOAuthScopes": null
                },
                "cors": {
                    "allowedOrigins": [
                        "https://functions.azure.com",
                        "https://functions-staging.azure.com",
                        "https://functions-next.azure.com"
                    ],
                    "supportCredentials": false
                },
                "localMySqlEnabled": false,
                "http20Enabled": false,
                "minTlsVersion": "1.2",
                "ftpsState": "AllAllowed",
                "reservedInstanceCount": 0,
                "fileChangeAuditEnabled": false,
                "functionsRuntimeScaleMonitoringEnabled": false
            }
        },
        {
            "type": "Microsoft.Web/sites/config",
            "apiVersion": "2016-08-01",
            "name": "[concat(parameters('sites_iotwebapp64343bb1_name'), '/web')]",
            "location": "Central US",
            "dependsOn": [
                "[resourceId('Microsoft.Web/sites', parameters('sites_iotwebapp64343bb1_name'))]"
            ],
            "properties": {
                "numberOfWorkers": 1,
                "defaultDocuments": [
                    "Default.htm",
                    "Default.html",
                    "Default.asp",
                    "index.htm",
                    "index.html",
                    "iisstart.htm",
                    "default.aspx",
                    "index.php",
                    "hostingstart.html"
                ],
                "netFrameworkVersion": "v4.0",
                "phpVersion": "5.6",
                "pythonVersion": "",
                "nodeVersion": "",
                "linuxFxVersion": "",
                "requestTracingEnabled": false,
                "remoteDebuggingEnabled": false,
                "httpLoggingEnabled": false,
                "logsDirectorySizeLimit": 35,
                "detailedErrorLoggingEnabled": false,
                "publishingUsername": "$iotwebapp64343bb1",
                "scmType": "None",
                "use32BitWorkerProcess": true,
                "webSocketsEnabled": false,
                "alwaysOn": true,
                "appCommandLine": "",
                "managedPipelineMode": "Integrated",
                "virtualApplications": [
                    {
                        "virtualPath": "/",
                        "physicalPath": "site\\wwwroot",
                        "preloadEnabled": true,
                        "virtualDirectories": null
                    }
                ],
                "winAuthAdminState": 0,
                "winAuthTenantState": 0,
                "customAppPoolIdentityAdminState": false,
                "customAppPoolIdentityTenantState": false,
                "loadBalancing": "LeastRequests",
                "routingRules": [],
                "experiments": {
                    "rampUpRules": []
                },
                "autoHealEnabled": false,
                "vnetName": "",
                "siteAuthEnabled": false,
                "siteAuthSettings": {
                    "enabled": null,
                    "unauthenticatedClientAction": null,
                    "tokenStoreEnabled": null,
                    "allowedExternalRedirectUrls": null,
                    "defaultProvider": null,
                    "clientId": null,
                    "clientSecret": null,
                    "clientSecretCertificateThumbprint": null,
                    "issuer": null,
                    "allowedAudiences": null,
                    "additionalLoginParams": null,
                    "isAadAutoProvisioned": false,
                    "googleClientId": null,
                    "googleClientSecret": null,
                    "googleOAuthScopes": null,
                    "facebookAppId": null,
                    "facebookAppSecret": null,
                    "facebookOAuthScopes": null,
                    "twitterConsumerKey": null,
                    "twitterConsumerSecret": null,
                    "microsoftAccountClientId": null,
                    "microsoftAccountClientSecret": null,
                    "microsoftAccountOAuthScopes": null
                },
                "localMySqlEnabled": false,
                "http20Enabled": false,
                "minTlsVersion": "1.2",
                "ftpsState": "AllAllowed",
                "reservedInstanceCount": 0,
                "fileChangeAuditEnabled": false,
                "functionsRuntimeScaleMonitoringEnabled": false
            }
        },
        {
            "type": "Microsoft.Web/sites/deployments",
            "apiVersion": "2018-11-01",
            "name": "[concat(parameters('sites_iotfunc64343bb1_name'), '/5bb760d16c354eb7acc1cdbf22bb21a3')]",
            "location": "West US",
            "dependsOn": [
                "[resourceId('Microsoft.Web/sites', parameters('sites_iotfunc64343bb1_name'))]"
            ],
            "properties": {
                "status": 4,
                "author_email": "N/A",
                "author": "VS Code",
                "deployer": "Push-Deployer",
                "message": "Created via a push deployment",
                "start_time": "2019-11-15T10:53:21.9712345Z",
                "end_time": "2019-11-15T10:53:26.7263793Z",
                "active": true
            }
        },
        {
            "type": "Microsoft.Web/sites/hostNameBindings",
            "apiVersion": "2018-11-01",
            "name": "[concat(parameters('sites_iotfunc64343bb1_name'), '/', parameters('sites_iotfunc64343bb1_name'), '.azurewebsites.net')]",
            "location": "West US",
            "dependsOn": [
                "[resourceId('Microsoft.Web/sites', parameters('sites_iotfunc64343bb1_name'))]"
            ],
            "properties": {
                "siteName": "iotfunc64343bb1",
                "hostNameType": "Verified"
            }
        },
        {
            "type": "Microsoft.Web/sites/hostNameBindings",
            "apiVersion": "2018-11-01",
            "name": "[concat(parameters('sites_iotwebapp64343bb1_name'), '/', parameters('sites_iotwebapp64343bb1_name'), '.azurewebsites.net')]",
            "location": "Central US",
            "dependsOn": [
                "[resourceId('Microsoft.Web/sites', parameters('sites_iotwebapp64343bb1_name'))]"
            ],
            "properties": {
                "siteName": "iotwebapp64343bb1",
                "hostNameType": "Verified"
            }
        },
        {
            "type": "microsoft.alertsmanagement/smartdetectoralertrules",
            "apiVersion": "2019-06-01",
            "name": "[parameters('smartdetectoralertrules_failure_anomalies___iotapp64343bb1_name')]",
            "location": "global",
            "dependsOn": [
                "[resourceId('microsoft.insights/components', parameters('components_iotapp64343bb1_name'))]",
                "[resourceId('microsoft.insights/actionGroups', parameters('actionGroups_Application_20Insights_20Smart_20Detection_name'))]"
            ],
            "properties": {
                "description": "Failure Anomalies notifies you of an unusual rise in the rate of failed HTTP requests or dependency calls.",
                "state": "Enabled",
                "severity": "Sev3",
                "frequency": "PT1M",
                "detector": {
                    "id": "FailureAnomaliesDetector"
                },
                "scope": [
                    "[resourceId('microsoft.insights/components', parameters('components_iotapp64343bb1_name'))]"
                ],
                "actionGroups": {
                    "groupIds": [
                        "[resourceId('microsoft.insights/actionGroups', parameters('actionGroups_Application_20Insights_20Smart_20Detection_name'))]"
                    ]
                }
            }
        },
        {
            "type": "microsoft.alertsmanagement/smartdetectoralertrules",
            "apiVersion": "2019-06-01",
            "name": "[parameters('smartdetectoralertrules_failure_anomalies___iotwebapp64343bb1_name')]",
            "location": "global",
            "dependsOn": [
                "[resourceId('microsoft.insights/components', parameters('components_iotwebapp64343bb1_name'))]",
                "[resourceId('microsoft.insights/actionGroups', parameters('actionGroups_Application_20Insights_20Smart_20Detection_name'))]"
            ],
            "properties": {
                "description": "Failure Anomalies notifies you of an unusual rise in the rate of failed HTTP requests or dependency calls.",
                "state": "Enabled",
                "severity": "Sev3",
                "frequency": "PT1M",
                "detector": {
                    "id": "FailureAnomaliesDetector"
                },
                "scope": [
                    "[resourceId('microsoft.insights/components', parameters('components_iotwebapp64343bb1_name'))]"
                ],
                "actionGroups": {
                    "groupIds": [
                        "[resourceId('microsoft.insights/actionGroups', parameters('actionGroups_Application_20Insights_20Smart_20Detection_name'))]"
                    ]
                }
            }
        },
        {
            "type": "Microsoft.DocumentDB/databaseAccounts/sqlDatabases/containers",
            "apiVersion": "2019-08-01",
            "name": "[concat(parameters('databaseAccounts_iotcosmos64343bb1_name'), '/windfarmdb/windfarmtelemetry')]",
            "dependsOn": [
                "[resourceId('Microsoft.DocumentDB/databaseAccounts/sqlDatabases', parameters('databaseAccounts_iotcosmos64343bb1_name'), 'windfarmdb')]",
                "[resourceId('Microsoft.DocumentDB/databaseAccounts', parameters('databaseAccounts_iotcosmos64343bb1_name'))]"
            ],
            "properties": {
                "resource": {
                    "id": "windfarmtelemetry",
                    "indexingPolicy": {
                        "indexingMode": "consistent",
                        "automatic": true,
                        "includedPaths": [
                            {
                                "path": "/*"
                            }
                        ],
                        "excludedPaths": [
                            {
                                "path": "/\"_etag\"/?"
                            }
                        ]
                    },
                    "conflictResolutionPolicy": {
                        "mode": "LastWriterWins",
                        "conflictResolutionPath": "/_ts"
                    }
                },
                "options": {}
            }
        },
        {
            "type": "microsoft.insights/metricAlerts",
            "apiVersion": "2018-03-01",
            "name": "[parameters('metricAlerts_Device_20connected_name')]",
            "location": "global",
            "dependsOn": [
                "[resourceId('Microsoft.Devices/IotHubs', parameters('IotHubs_iothub64343bb1_name'))]",
                "[resourceId('microsoft.insights/actionGroups', parameters('actionGroups_Application_20Insights_20Smart_20Detection_name'))]"
            ],
            "properties": {
                "description": "check false device",
                "severity": 4,
                "enabled": true,
                "scopes": [
                    "[resourceId('Microsoft.Devices/IotHubs', parameters('IotHubs_iothub64343bb1_name'))]"
                ],
                "evaluationFrequency": "PT1H",
                "windowSize": "PT1H",
                "criteria": {
                    "odata.type": "Microsoft.Azure.Monitor.SingleResourceMultipleMetricCriteria"
                },
                "actions": [
                    {
                        "actionGroupId": "[resourceId('microsoft.insights/actionGroups', parameters('actionGroups_Application_20Insights_20Smart_20Detection_name'))]",
                        "webHookProperties": {}
                    }
                ]
            }
        },
        {
            "type": "Microsoft.Storage/storageAccounts/blobServices/containers",
            "apiVersion": "2019-04-01",
            "name": "[concat(parameters('storageAccounts_iotstore64343bb1_name'), '/default/allmessages')]",
            "dependsOn": [
                "[resourceId('Microsoft.Storage/storageAccounts/blobServices', parameters('storageAccounts_iotstore64343bb1_name'), 'default')]",
                "[resourceId('Microsoft.Storage/storageAccounts', parameters('storageAccounts_iotstore64343bb1_name'))]"
            ],
            "properties": {
                "publicAccess": "None"
            }
        },
        {
            "type": "Microsoft.Storage/storageAccounts/blobServices/containers",
            "apiVersion": "2019-04-01",
            "name": "[concat(parameters('storageAccounts_iotstore64343bb1_name'), '/default/azure-webjobs-hosts')]",
            "dependsOn": [
                "[resourceId('Microsoft.Storage/storageAccounts/blobServices', parameters('storageAccounts_iotstore64343bb1_name'), 'default')]",
                "[resourceId('Microsoft.Storage/storageAccounts', parameters('storageAccounts_iotstore64343bb1_name'))]"
            ],
            "properties": {
                "publicAccess": "None"
            }
        },
        {
            "type": "Microsoft.Storage/storageAccounts/blobServices/containers",
            "apiVersion": "2019-04-01",
            "name": "[concat(parameters('storageAccounts_iotstore64343bb1_name'), '/default/azure-webjobs-secrets')]",
            "dependsOn": [
                "[resourceId('Microsoft.Storage/storageAccounts/blobServices', parameters('storageAccounts_iotstore64343bb1_name'), 'default')]",
                "[resourceId('Microsoft.Storage/storageAccounts', parameters('storageAccounts_iotstore64343bb1_name'))]"
            ],
            "properties": {
                "publicAccess": "None"
            }
        },
        {
            "type": "Microsoft.Storage/storageAccounts/blobServices/containers",
            "apiVersion": "2019-04-01",
            "name": "[concat(parameters('storageAccounts_iotstore64343bb1_name'), '/default/cosmoscontainer')]",
            "dependsOn": [
                "[resourceId('Microsoft.Storage/storageAccounts/blobServices', parameters('storageAccounts_iotstore64343bb1_name'), 'default')]",
                "[resourceId('Microsoft.Storage/storageAccounts', parameters('storageAccounts_iotstore64343bb1_name'))]"
            ],
            "properties": {
                "publicAccess": "None"
            }
        },
        {
            "type": "Microsoft.DocumentDB/databaseAccounts/sqlDatabases/containers/storedProcedures",
            "apiVersion": "2019-08-01",
            "name": "[concat(parameters('databaseAccounts_iotcosmos64343bb1_name'), '/windfarmdb/windfarmtelemetry/bulkUpsert_v_2_0')]",
            "dependsOn": [
                "[resourceId('Microsoft.DocumentDB/databaseAccounts/sqlDatabases/containers', parameters('databaseAccounts_iotcosmos64343bb1_name'), 'windfarmdb', 'windfarmtelemetry')]",
                "[resourceId('Microsoft.DocumentDB/databaseAccounts/sqlDatabases', parameters('databaseAccounts_iotcosmos64343bb1_name'), 'windfarmdb')]",
                "[resourceId('Microsoft.DocumentDB/databaseAccounts', parameters('databaseAccounts_iotcosmos64343bb1_name'))]"
            ],
            "properties": {
                "resource": {
                    "id": "bulkUpsert_v_2_0",
                    "body": "// Copyright (c) Microsoft Corporation.  All rights reserved.\r\n\r\nfunction bulkUpsert_v_2_0(docs, optimizeForInserts, startIndex) {\r\n    /**\r\n* A DocumentDB stored procedure that upserts a batch of documents (insert new or update if present) using its id property.<br/>\r\n* This implementation queries for each document's id, and creates if absent and patches if found.\r\n* The script sets response body to the number of docs imported and is called multiple times \r\n* by the client until total number of docs desired by the client is imported.\r\n* @param  {Object[]} docs - Array of documents to import.\r\n* v2 : Uses a different API now to read documents\r\n*/\r\n    var ErrorCode = {\r\n        CONFLICT: 409,\r\n        FORBIDDEN: 403,\r\n        INSUFFICIENT_STORAGE: 507\r\n    };\r\n    var context = getContext();\r\n    var collection = context.getCollection();\r\n    var collectionLink = collection.getSelfLink();\r\n    var response = context.getResponse();\r\n    // The count of imported docs, also used as current doc index.\r\n    var count = startIndex;\r\n    var replaceCount = 0;\r\n\r\n    // Validate input.\r\n    if (!docs) {\r\n        throw new Error(\"Input documents array is undefined or null.\");\r\n    }\r\n\r\n    var docsLength = docs.length;\r\n    if (docsLength === 0) {\r\n        response.setBody(0);\r\n    }\r\n\r\n    tryCreate(docs[count], createCallback);\r\n\r\n    function tryCreate(doc, createCallback) {\r\n        var options = {\r\n            disableAutomaticIdGeneration: optimizeForInserts\r\n        };\r\n\r\n        // replace this with collection.UpsertDocument() when it supports patch\r\n        var isAccepted = collection.createDocument(collectionLink, doc, options, createCallback);\r\n\r\n        // If the request was accepted, createCallback will be called.\r\n        // Otherwise report current count back to the client, \r\n        // which will call the script again with remaining set of docs.\r\n        // This condition will happen when this stored procedure has been running too long\r\n        // and is about to get cancelled by the server. This will allow the calling client\r\n        // to resume this batch from the point we got to before isAccepted was set to false\r\n        if (!isAccepted) getContext().getResponse().setBody({ \"total\": count, \"replaced\": replaceCount });\r\n    }\r\n\r\n    // To replace the document, first issue a query to find it and then call replace.\r\n    function retrieveDoc(doc, continuation, retrieveCallback) {\r\n        var query = { query: \"select * from root r where r.id = @id\", parameters: [{ name: \"@id\", value: doc.id }] };\r\n        var requestOptions = { continuation: continuation };\r\n        var isAccepted = collection.readDocument(__.getAltLink() + '/docs/' + doc.id, requestOptions, function (err, retrievedDoc, responseOptions) {\r\n            if (err) {\r\n               throw err;\r\n            }\r\n\r\n            if (!retrievedDoc) {\r\n                throw new Error(\"Error in reading document.\");\r\n            }\r\n\r\n            retrieveCallback(retrievedDoc);\r\n        });\r\n\r\n        // this will be retried , set the current count \r\n        if (!isAccepted) getContext().getResponse().setBody({ \"total\": count, \"replaced\": replaceCount });\r\n    }\r\n\r\n    function tryReplace(document, replaceCallback) {\r\n        retrieveDoc(document, null, function (retrievedDoc) {\r\n            var existingDocSelfLink = retrievedDoc._self;\r\n            replaceCount = replaceCount + 1;\r\n            mergeReplace(retrievedDoc, document);\r\n            var isAccepted = collection.replaceDocument(existingDocSelfLink, retrievedDoc, replaceCallback);\r\n            if (!isAccepted) getContext().getResponse().setBody({ \"total\": count, \"replaced\": replaceCount });\r\n        });\r\n    }\r\n\r\n    // Merges properties recursively from source into dest object by reference. \r\n    // All properties present in the source are overwritten in dest\r\n    // Note - Array values are not merged but overwritten\r\n    function mergeReplace(dest, source) {\r\n\r\n        if (dest instanceof Array) {\r\n            var k = dest.length;\r\n            while (k > source.length) {\r\n                dest.pop();\r\n                k--;\r\n            }\r\n        }\r\n\r\n        for (var prop in source) {\r\n            if (source[prop] && source[prop] instanceof Object && dest[prop] instanceof Object) {\r\n                mergeReplace(dest[prop], source[prop]);\r\n            } else {\r\n                dest[prop] = source[prop];\r\n            }\r\n        }\r\n    }\r\n\r\n    function createCallback(err, doc, options) {\r\n        if (err) {\r\n            // Replace the document if status code is 409 and upsert is enabled\r\n            if (err.number === ErrorCode.CONFLICT) {\r\n                return tryReplace(docs[count], createCallback);\r\n            }\r\n            // storage quota exceeded, remap to a 507 so fx can indentify in substatus header\r\n            else if (err.number === ErrorCode.FORBIDDEN) {\r\n                err.number = ErrorCode.INSUFFICIENT_STORAGE;\r\n                throw err;\r\n            } else {\r\n                throw err;\r\n            }\r\n        } else {\r\n            // One more document has been inserted, increment the count.\r\n            count++;\r\n\r\n            if (count >= docsLength) {\r\n                // If we have created all documents, we are done. Just set the response.\r\n                getContext().getResponse().setBody({ \"total\": count, \"replaced\": replaceCount });\r\n            } else {\r\n                // Call the CRUD API to create a document.\r\n                return tryCreate(docs[count], createCallback);\r\n            }\r\n        }\r\n    }\r\n}\r\n"
                },
                "options": {}
            }
        },
        {
            "type": "Microsoft.DocumentDB/databaseAccounts/sqlDatabases/containers/throughputSettings",
            "apiVersion": "2019-08-01",
            "name": "[concat(parameters('databaseAccounts_iotcosmos64343bb1_name'), '/windfarmdb/windfarmtelemetry/default')]",
            "dependsOn": [
                "[resourceId('Microsoft.DocumentDB/databaseAccounts/sqlDatabases/containers', parameters('databaseAccounts_iotcosmos64343bb1_name'), 'windfarmdb', 'windfarmtelemetry')]",
                "[resourceId('Microsoft.DocumentDB/databaseAccounts/sqlDatabases', parameters('databaseAccounts_iotcosmos64343bb1_name'), 'windfarmdb')]",
                "[resourceId('Microsoft.DocumentDB/databaseAccounts', parameters('databaseAccounts_iotcosmos64343bb1_name'))]"
            ],
            "properties": {
                "resource": {
                    "throughput": 400
                }
            }
        }
    ]
}