"date","EventProcessedUtcTime","PartitionId","EventEnqueuedUtcTime","metadata_deviceType","metadata_studentId","metadata_uid","telemetry_temperature","telemetry_pressure","telemetry_humidity","telemetry_windSpeed","telemetry_windDirection","IoTHub_ConnectionDeviceId"
2019-11-14T00:00:00.0000000,2019-11-14T11:00:01.3436634Z,0,2019-11-14T11:00:01.2760000Z,"WeatherStation","64343BB1","4234E35B854322BB",33.599998474121094,1011.610107421875,47.400001525878906,15.599989891052246,10,"CW-MX-001"
2019-11-14T00:00:00.0000000,2019-11-14T10:56:09.1015555Z,0,2019-11-14T10:30:53.8290000Z,"WeatherStation","64343BB1","FC7BC50799CB63AE",32.299999237060547,1011.45458984375,48.799999237060547,16.799991607666016,11,"CW-MX-001"
2019-11-14T00:00:00.0000000,2019-11-14T11:00:06.7319249Z,0,2019-11-14T11:00:06.5890000Z,"WeatherStation","64343BB1","4234E35B854322BB",33.599998474121094,1011.592529296875,47,15.599989891052246,10,"CW-MX-001"
2019-11-14T00:00:00.0000000,2019-11-14T10:56:09.5775675Z,0,2019-11-14T10:30:59.2200000Z,"WeatherStation","64343BB1","FC7BC50799CB63AE",32.299999237060547,1011.398681640625,49,16.799991607666016,11,"CW-MX-001"
2019-11-14T00:00:00.0000000,2019-11-14T11:00:12.2009688Z,0,2019-11-14T11:00:12.1250000Z,"WeatherStation","64343BB1","7E3C4B3D418B1B24",33.599998474121094,1011.633544921875,46.900001525878906,15.599989891052246,9,"CW-MX-001"
2019-11-14T00:00:00.0000000,2019-11-14T10:56:09.5785616Z,0,2019-11-14T10:31:04.6610000Z,"WeatherStation","64343BB1","2FC47C515397648F",32.299999237060547,1011.457275390625,49.5,16.799991607666016,10,"CW-MX-001"
2019-11-14T00:00:00.0000000,2019-11-14T11:00:17.5732148Z,0,2019-11-14T11:00:17.4250000Z,"WeatherStation","64343BB1","7E3C4B3D418B1B24",33.599998474121094,1011.614013671875,47.299999237060547,15.599989891052246,9,"CW-MX-001"
2019-11-14T00:00:00.0000000,2019-11-14T10:56:09.5785616Z,0,2019-11-14T10:31:10.1470000Z,"WeatherStation","64343BB1","C5C30827CEEE272D",32.299999237060547,1011.4619140625,49.799999237060547,19.400001525878906,15,"CW-MX-001"
2019-11-14T00:00:00.0000000,2019-11-14T11:00:23.0522019Z,0,2019-11-14T11:00:22.9730000Z,"WeatherStation","64343BB1","4234E35B854322BB",33.599998474121094,1011.6123046875,47.299999237060547,15.599989891052246,10,"CW-MX-001"
2019-11-14T00:00:00.0000000,2019-11-14T10:56:09.5785616Z,0,2019-11-14T10:31:15.5850000Z,"WeatherStation","64343BB1","25AE0500A5A2DCF3",32.299999237060547,1011.409912109375,50.599998474121094,19.800003051757813,13,"CW-MX-001"
2019-11-14T00:00:00.0000000,2019-11-14T11:00:28.6328400Z,0,2019-11-14T11:00:28.5200000Z,"WeatherStation","64343BB1","6762E7152CCD71F4",33.599998474121094,1011.60986328125,47.5,15.599989891052246,11,"CW-MX-001"
2019-11-14T00:00:00.0000000,2019-11-14T10:56:09.5795662Z,0,2019-11-14T10:31:20.9450000Z,"WeatherStation","64343BB1","D47FA4B8D5EE19EF",32.299999237060547,1011.429443359375,50.400001525878906,19.800003051757813,15,"CW-MX-001"
2019-11-14T00:00:00.0000000,2019-11-14T11:00:34.1182667Z,0,2019-11-14T11:00:34.0370000Z,"WeatherStation","64343BB1","88172E7D38BB19D3",33.5,1011.566650390625,48.200000762939453,15.599989891052246,10,"CW-MX-001"
2019-11-14T00:00:00.0000000,2019-11-14T10:56:09.5795662Z,0,2019-11-14T10:31:26.4300000Z,"WeatherStation","64343BB1","57C56E64BD0641CB",32.400001525878906,1011.4775390625,50.099998474121094,19.800003051757813,15,"CW-MX-001"
2019-11-14T00:00:00.0000000,2019-11-14T11:00:39.5003011Z,0,2019-11-14T11:00:39.4120000Z,"WeatherStation","64343BB1","7E3C4B3D418B1B24",33.599998474121094,1011.600341796875,48.599998474121094,15.599989891052246,9,"CW-MX-001"
2019-11-14T00:00:00.0000000,2019-11-14T10:56:09.5795662Z,0,2019-11-14T10:31:31.8090000Z,"WeatherStation","64343BB1","57C56E64BD0641CB",32.400001525878906,1011.461669921875,49.900001525878906,19.800003051757813,15,"CW-MX-001"
2019-11-14T00:00:00.0000000,2019-11-14T11:00:44.7752960Z,0,2019-11-14T11:00:44.7250000Z,"WeatherStation","64343BB1","6762E7152CCD71F4",33.599998474121094,1011.64306640625,48.400001525878906,15.599989891052246,11,"CW-MX-001"
2019-11-14T00:00:00.0000000,2019-11-14T10:56:09.5795662Z,0,2019-11-14T10:31:37.2240000Z,"WeatherStation","64343BB1","655EC6D257C2AC26",32.400001525878906,1011.436279296875,49.799999237060547,19.800003051757813,14,"CW-MX-001"
2019-11-14T00:00:00.0000000,2019-11-14T11:00:50.3513610Z,0,2019-11-14T11:00:50.2410000Z,"WeatherStation","64343BB1","7E3C4B3D418B1B24",33.599998474121094,1011.60302734375,48,15.599989891052246,9,"CW-MX-001"
2019-11-14T00:00:00.0000000,2019-11-14T10:56:09.5795662Z,0,2019-11-14T10:31:42.6480000Z,"WeatherStation","64343BB1","AA9CEE0CC3CB20D1",32.400001525878906,1011.43359375,49.599998474121094,20.000003814697266,16,"CW-MX-001"
2019-11-14T00:00:00.0000000,2019-11-14T11:00:55.8324142Z,0,2019-11-14T11:00:55.7580000Z,"WeatherStation","64343BB1","4234E35B854322BB",33.599998474121094,1011.58544921875,47.900001525878906,15.599989891052246,10,"CW-MX-001"
2019-11-14T00:00:00.0000000,2019-11-14T10:56:09.5795662Z,0,2019-11-14T10:31:48.0240000Z,"WeatherStation","64343BB1","5AD935AB79A01CDF",32.400001525878906,1011.43701171875,50.200000762939453,21.800010681152344,20,"CW-MX-001"
2019-11-14T00:00:00.0000000,2019-11-14T11:01:01.2033930Z,0,2019-11-14T11:01:01.1330000Z,"WeatherStation","64343BB1","6762E7152CCD71F4",33.599998474121094,1011.669189453125,47.700000762939453,15.599989891052246,11,"CW-MX-001"
2019-11-14T00:00:00.0000000,2019-11-14T10:56:09.5795662Z,0,2019-11-14T10:31:53.6210000Z,"WeatherStation","64343BB1","599151A3A4E7F1C1",32.400001525878906,1011.471923828125,49.900001525878906,21.800010681152344,19,"CW-MX-001"
2019-11-14T00:00:00.0000000,2019-11-14T11:01:06.7764218Z,0,2019-11-14T11:01:06.6650000Z,"WeatherStation","64343BB1","4234E35B854322BB",33.599998474121094,1011.611572265625,47.5,15.599989891052246,10,"CW-MX-001"
2019-11-14T00:00:00.0000000,2019-11-14T10:56:09.5795662Z,0,2019-11-14T10:31:59.0300000Z,"WeatherStation","64343BB1","5AD935AB79A01CDF",32.400001525878906,1011.4189453125,50.099998474121094,21.800010681152344,20,"CW-MX-001"
2019-11-14T00:00:00.0000000,2019-11-14T11:01:12.1574926Z,0,2019-11-14T11:01:12.0270000Z,"WeatherStation","64343BB1","FC7B88F75A54B19D",33.700000762939453,1011.622314453125,47.599998474121094,15.599989891052246,10,"CW-MX-001"
2019-11-14T00:00:00.0000000,2019-11-14T10:56:09.5795662Z,0,2019-11-14T10:32:04.4220000Z,"WeatherStation","64343BB1","5AD935AB79A01CDF",32.400001525878906,1011.469482421875,49.700000762939453,21.800010681152344,20,"CW-MX-001"
2019-11-14T00:00:00.0000000,2019-11-14T11:01:17.5325399Z,0,2019-11-14T11:01:17.4360000Z,"WeatherStation","64343BB1","7E3C4B3D418B1B24",33.599998474121094,1011.62353515625,47.599998474121094,15.599989891052246,9,"CW-MX-001"
2019-11-14T00:00:00.0000000,2019-11-14T10:56:09.5795662Z,0,2019-11-14T10:32:09.8290000Z,"WeatherStation","64343BB1","5AD935AB79A01CDF",32.400001525878906,1011.452392578125,49.5,21.800010681152344,20,"CW-MX-001"
2019-11-14T00:00:00.0000000,2019-11-14T11:01:23.1055354Z,0,2019-11-14T11:01:22.9870000Z,"WeatherStation","64343BB1","7E3C4B3D418B1B24",33.599998474121094,1011.629150390625,47.5,15.599989891052246,9,"CW-MX-001"
2019-11-14T00:00:00.0000000,2019-11-14T10:56:09.5795662Z,0,2019-11-14T10:32:15.3310000Z,"WeatherStation","64343BB1","5AD935AB79A01CDF",32.400001525878906,1011.45947265625,49.099998474121094,21.800010681152344,20,"CW-MX-001"
2019-11-14T00:00:00.0000000,2019-11-14T11:01:28.4793104Z,0,2019-11-14T11:01:28.3950000Z,"WeatherStation","64343BB1","4234E35B854322BB",33.599998474121094,1011.591552734375,47.400001525878906,15.599989891052246,10,"CW-MX-001"
2019-11-14T00:00:00.0000000,2019-11-14T10:56:09.5795662Z,0,2019-11-14T10:32:20.7540000Z,"WeatherStation","64343BB1","599151A3A4E7F1C1",32.400001525878906,1011.41015625,49.099998474121094,21.800010681152344,19,"CW-MX-001"
2019-11-14T00:00:00.0000000,2019-11-14T11:01:33.8543666Z,0,2019-11-14T11:01:33.7740000Z,"WeatherStation","64343BB1","0215040F88C3C789",33.700000762939453,1011.630615234375,47.700000762939453,15.599989891052246,9,"CW-MX-001"
2019-11-14T00:00:00.0000000,2019-11-14T10:56:09.5795662Z,0,2019-11-14T10:32:26.0230000Z,"WeatherStation","64343BB1","599151A3A4E7F1C1",32.400001525878906,1011.4345703125,48.700000762939453,21.800010681152344,19,"CW-MX-001"
2019-11-14T00:00:00.0000000,2019-11-14T11:01:39.3314596Z,0,2019-11-14T11:01:39.2600000Z,"WeatherStation","64343BB1","6762E7152CCD71F4",33.599998474121094,1011.582763671875,47.700000762939453,15.599989891052246,11,"CW-MX-001"
2019-11-14T00:00:00.0000000,2019-11-14T10:56:09.5795662Z,0,2019-11-14T10:32:31.6020000Z,"WeatherStation","64343BB1","5AD935AB79A01CDF",32.400001525878906,1011.425537109375,49,21.800010681152344,20,"CW-MX-001"
2019-11-14T00:00:00.0000000,2019-11-14T11:01:44.7104832Z,0,2019-11-14T11:01:44.5920000Z,"WeatherStation","64343BB1","FC7B88F75A54B19D",33.700000762939453,1011.65234375,47.900001525878906,15.599989891052246,10,"CW-MX-001"
2019-11-14T00:00:00.0000000,2019-11-14T10:56:09.5795662Z,0,2019-11-14T10:32:36.9310000Z,"WeatherStation","64343BB1","599151A3A4E7F1C1",32.400001525878906,1011.443359375,49.099998474121094,21.800010681152344,19,"CW-MX-001"
2019-11-14T00:00:00.0000000,2019-11-14T11:01:50.2865172Z,0,2019-11-14T11:01:50.1890000Z,"WeatherStation","64343BB1","6762E7152CCD71F4",33.599998474121094,1011.698486328125,48.099998474121094,15.599989891052246,11,"CW-MX-001"
2019-11-14T00:00:00.0000000,2019-11-14T10:56:09.5795662Z,0,2019-11-14T10:32:42.3230000Z,"WeatherStation","64343BB1","5AD935AB79A01CDF",32.400001525878906,1011.46435546875,49.299999237060547,21.800010681152344,20,"CW-MX-001"
2019-11-14T00:00:00.0000000,2019-11-14T11:01:55.6605926Z,0,2019-11-14T11:01:55.5800000Z,"WeatherStation","64343BB1","CEA29DB26C7B9DAA",33.5,1011.6181640625,48,15.599989891052246,9,"CW-MX-001"
2019-11-14T00:00:00.0000000,2019-11-14T10:56:09.5795662Z,0,2019-11-14T10:32:47.9350000Z,"WeatherStation","64343BB1","F53B5481F0DC875D",32.400001525878906,1011.4501953125,49.400001525878906,21.800010681152344,18,"CW-MX-001"
2019-11-14T00:00:00.0000000,2019-11-14T11:02:01.0386214Z,0,2019-11-14T11:02:00.9730000Z,"WeatherStation","64343BB1","88172E7D38BB19D3",33.5,1011.635986328125,47.900001525878906,15.599989891052246,10,"CW-MX-001"
2019-11-14T00:00:00.0000000,2019-11-14T10:56:09.5795662Z,0,2019-11-14T10:32:53.2170000Z,"WeatherStation","64343BB1","5AD935AB79A01CDF",32.400001525878906,1011.44140625,49.599998474121094,21.800010681152344,20,"CW-MX-001"
2019-11-14T00:00:00.0000000,2019-11-14T11:02:06.4246581Z,0,2019-11-14T11:02:06.3480000Z,"WeatherStation","64343BB1","88172E7D38BB19D3",33.5,1011.61279296875,48,15.599989891052246,10,"CW-MX-001"
2019-11-14T00:00:00.0000000,2019-11-14T10:56:09.5795662Z,0,2019-11-14T10:32:58.8450000Z,"WeatherStation","64343BB1","CC8A8F9B293760C9",32.5,1011.48876953125,49.900001525878906,21.800010681152344,20,"CW-MX-001"
2019-11-14T00:00:00.0000000,2019-11-14T11:02:12.1046502Z,0,2019-11-14T11:02:11.9450000Z,"WeatherStation","64343BB1","88172E7D38BB19D3",33.5,1011.615234375,48,15.599989891052246,10,"CW-MX-001"
2019-11-14T00:00:00.0000000,2019-11-14T10:56:09.5795662Z,0,2019-11-14T10:33:04.2210000Z,"WeatherStation","64343BB1","CC8A8F9B293760C9",32.5,1011.447265625,49.900001525878906,21.800010681152344,20,"CW-MX-001"
2019-11-14T00:00:00.0000000,2019-11-14T11:02:17.4873881Z,0,2019-11-14T11:02:17.3680000Z,"WeatherStation","64343BB1","CEA29DB26C7B9DAA",33.5,1011.623291015625,47.5,15.599989891052246,9,"CW-MX-001"
2019-11-14T00:00:00.0000000,2019-11-14T10:56:09.5795662Z,0,2019-11-14T10:33:09.6280000Z,"WeatherStation","64343BB1","5AD935AB79A01CDF",32.400001525878906,1011.474365234375,50.299999237060547,21.800010681152344,20,"CW-MX-001"
2019-11-14T00:00:00.0000000,2019-11-14T11:02:22.8644263Z,0,2019-11-14T11:02:22.7600000Z,"WeatherStation","64343BB1","5426FB4B00AEBF36",33.5,1011.625732421875,47.5,15.599989891052246,11,"CW-MX-001"
2019-11-14T00:00:00.0000000,2019-11-14T10:56:09.5795662Z,0,2019-11-14T10:33:15.0210000Z,"WeatherStation","64343BB1","5AD935AB79A01CDF",32.400001525878906,1011.4638671875,50.099998474121094,21.800010681152344,20,"CW-MX-001"
2019-11-14T00:00:00.0000000,2019-11-14T11:02:28.2324598Z,0,2019-11-14T11:02:28.1530000Z,"WeatherStation","64343BB1","88172E7D38BB19D3",33.5,1011.674072265625,47.599998474121094,15.599989891052246,10,"CW-MX-001"
2019-11-14T00:00:00.0000000,2019-11-14T10:56:09.5805645Z,0,2019-11-14T10:33:20.5880000Z,"WeatherStation","64343BB1","C6E6FA4F238BC559",32.5,1011.486083984375,49.799999237060547,21.800010681152344,21,"CW-MX-001"
2019-11-14T00:00:00.0000000,2019-11-14T11:02:33.7089955Z,0,2019-11-14T11:02:33.6710000Z,"WeatherStation","64343BB1","5426FB4B00AEBF36",33.5,1011.654052734375,47.700000762939453,15.599989891052246,11,"CW-MX-001"
2019-11-14T00:00:00.0000000,2019-11-14T10:56:09.5805645Z,0,2019-11-14T10:33:25.9340000Z,"WeatherStation","64343BB1","3DFF298E636B2C26",32.5,1011.47998046875,49.299999237060547,21.800010681152344,19,"CW-MX-001"
2019-11-14T00:00:00.0000000,2019-11-14T11:02:39.2880233Z,0,2019-11-14T11:02:39.2200000Z,"WeatherStation","64343BB1","CEA29DB26C7B9DAA",33.5,1011.65869140625,48,15.599989891052246,9,"CW-MX-001"
2019-11-14T00:00:00.0000000,2019-11-14T10:56:09.5805645Z,0,2019-11-14T10:33:31.5140000Z,"WeatherStation","64343BB1","CC8A8F9B293760C9",32.5,1011.44677734375,49.200000762939453,21.800010681152344,20,"CW-MX-001"
2019-11-14T00:00:00.0000000,2019-11-14T11:02:44.7640754Z,0,2019-11-14T11:02:44.6910000Z,"WeatherStation","64343BB1","82F2395EEAC5E884",33.5,1011.69921875,48,15.599989891052246,12,"CW-MX-001"
2019-11-14T00:00:00.0000000,2019-11-14T10:56:09.5805645Z,0,2019-11-14T10:33:36.9420000Z,"WeatherStation","64343BB1","5AD935AB79A01CDF",32.400001525878906,1011.46923828125,49.099998474121094,21.800010681152344,20,"CW-MX-001"
2019-11-14T00:00:00.0000000,2019-11-14T11:02:50.2421049Z,0,2019-11-14T11:02:50.2090000Z,"WeatherStation","64343BB1","5426FB4B00AEBF36",33.5,1011.65966796875,48.400001525878906,15.599989891052246,11,"CW-MX-001"
2019-11-14T00:00:00.0000000,2019-11-14T10:56:09.5805645Z,0,2019-11-14T10:33:42.3190000Z,"WeatherStation","64343BB1","CC8A8F9B293760C9",32.5,1011.41650390625,48.799999237060547,21.800010681152344,20,"CW-MX-001"
2019-11-14T00:00:00.0000000,2019-11-14T11:02:55.7260949Z,0,2019-11-14T11:02:55.6180000Z,"WeatherStation","64343BB1","4234E35B854322BB",33.599998474121094,1011.6533203125,48.400001525878906,15.599989891052246,10,"CW-MX-001"
2019-11-14T00:00:00.0000000,2019-11-14T10:56:09.5805645Z,0,2019-11-14T10:33:47.7260000Z,"WeatherStation","64343BB1","C6E6FA4F238BC559",32.5,1011.468017578125,49.200000762939453,21.800010681152344,21,"CW-MX-001"
2019-11-14T00:00:00.0000000,2019-11-14T11:03:01.1051285Z,0,2019-11-14T11:03:01.0130000Z,"WeatherStation","64343BB1","4234E35B854322BB",33.599998474121094,1011.68994140625,48.400001525878906,15.599989891052246,10,"CW-MX-001"
2019-11-14T00:00:00.0000000,2019-11-14T10:56:09.5805645Z,0,2019-11-14T10:33:53.1200000Z,"WeatherStation","64343BB1","CC8A8F9B293760C9",32.5,1011.467529296875,49.299999237060547,21.800010681152344,20,"CW-MX-001"
2019-11-14T00:00:00.0000000,2019-11-14T11:03:06.5821671Z,0,2019-11-14T11:03:06.5150000Z,"WeatherStation","64343BB1","6762E7152CCD71F4",33.599998474121094,1011.684814453125,48.299999237060547,15.599989891052246,11,"CW-MX-001"
2019-11-14T00:00:00.0000000,2019-11-14T10:56:09.5805645Z,0,2019-11-14T10:33:58.7340000Z,"WeatherStation","64343BB1","CC8A8F9B293760C9",32.5,1011.453369140625,49.299999237060547,21.800010681152344,20,"CW-MX-001"
2019-11-14T00:00:00.0000000,2019-11-14T11:03:11.9571907Z,0,2019-11-14T11:03:11.8610000Z,"WeatherStation","64343BB1","88172E7D38BB19D3",33.5,1011.63525390625,48,15.599989891052246,10,"CW-MX-001"
2019-11-14T00:00:00.0000000,2019-11-14T10:56:09.5805645Z,0,2019-11-14T10:34:04.0490000Z,"WeatherStation","64343BB1","4396F6EA446CB144",32.5,1011.44677734375,49.5,21.800010681152344,24,"CW-MX-001"
2019-11-14T00:00:00.0000000,2019-11-14T11:03:17.3242310Z,0,2019-11-14T11:03:17.2700000Z,"WeatherStation","64343BB1","88172E7D38BB19D3",33.5,1011.66015625,47.700000762939453,15.599989891052246,10,"CW-MX-001"
2019-11-14T00:00:00.0000000,2019-11-14T10:56:09.5805645Z,0,2019-11-14T10:34:09.5040000Z,"WeatherStation","64343BB1","4396F6EA446CB144",32.5,1011.490234375,50.200000762939453,21.800010681152344,24,"CW-MX-001"
2019-11-14T00:00:00.0000000,2019-11-14T11:03:29.2790280Z,0,2019-11-14T11:03:29.1650000Z,"WeatherStation","64343BB1","CEA29DB26C7B9DAA",33.5,1011.650634765625,47.799999237060547,15.599989891052246,9,"CW-MX-001"
2019-11-14T00:00:00.0000000,2019-11-14T10:56:09.5805645Z,0,2019-11-14T10:34:14.7890000Z,"WeatherStation","64343BB1","4396F6EA446CB144",32.5,1011.457275390625,51.200000762939453,21.800010681152344,24,"CW-MX-001"
2019-11-14T00:00:00.0000000,2019-11-14T11:03:34.6570842Z,0,2019-11-14T11:03:34.5560000Z,"WeatherStation","64343BB1","88172E7D38BB19D3",33.5,1011.64990234375,48.400001525878906,15.599989891052246,10,"CW-MX-001"
2019-11-14T00:00:00.0000000,2019-11-14T10:56:09.5805645Z,0,2019-11-14T10:34:20.3830000Z,"WeatherStation","64343BB1","D23FDF9692B7B37C",32.599998474121094,1011.46484375,51.200000762939453,21.800010681152344,24,"CW-MX-001"
2019-11-14T00:00:00.0000000,2019-11-14T11:03:40.2381117Z,0,2019-11-14T11:03:40.1660000Z,"WeatherStation","64343BB1","88172E7D38BB19D3",33.5,1011.66943359375,47.799999237060547,15.599989891052246,10,"CW-MX-001"
2019-11-14T00:00:00.0000000,2019-11-14T10:56:09.5805645Z,0,2019-11-14T10:34:25.7900000Z,"WeatherStation","64343BB1","D23FDF9692B7B37C",32.599998474121094,1011.475830078125,51.599998474121094,21.800010681152344,24,"CW-MX-001"
2019-11-14T00:00:00.0000000,2019-11-14T11:03:45.6201182Z,0,2019-11-14T11:03:45.5920000Z,"WeatherStation","64343BB1","22FBB7FA38AA4F1C",33.400001525878906,1011.6083984375,47.700000762939453,15.599989891052246,10,"CW-MX-001"
2019-11-14T00:00:00.0000000,2019-11-14T10:56:09.5805645Z,0,2019-11-14T10:34:31.3060000Z,"WeatherStation","64343BB1","8991219FB6770024",32.599998474121094,1011.490234375,51.299999237060547,21.800010681152344,23,"CW-MX-001"
2019-11-14T00:00:00.0000000,2019-11-14T11:03:51.0991557Z,0,2019-11-14T11:03:51.0640000Z,"WeatherStation","64343BB1","22FBB7FA38AA4F1C",33.400001525878906,1011.677490234375,47.900001525878906,15.599989891052246,10,"CW-MX-001"
2019-11-14T00:00:00.0000000,2019-11-14T10:56:09.5805645Z,0,2019-11-14T10:34:36.6690000Z,"WeatherStation","64343BB1","39DE8AF57737A40B",32.599998474121094,1011.48095703125,51,21.800010681152344,25,"CW-MX-001"
2019-11-14T00:00:00.0000000,2019-11-14T11:03:56.4741549Z,0,2019-11-14T11:03:56.3930000Z,"WeatherStation","64343BB1","A932A614CDD5DFD3",33.400001525878906,1011.662109375,48,15.599989891052246,9,"CW-MX-001"
2019-11-14T00:00:00.0000000,2019-11-14T10:56:09.5805645Z,0,2019-11-14T10:34:41.9530000Z,"WeatherStation","64343BB1","D23FDF9692B7B37C",32.599998474121094,1011.484130859375,50.200000762939453,21.800010681152344,24,"CW-MX-001"
2019-11-14T00:00:00.0000000,2019-11-14T11:04:02.0551228Z,0,2019-11-14T11:04:01.9570000Z,"WeatherStation","64343BB1","A932A614CDD5DFD3",33.400001525878906,1011.67578125,48.099998474121094,15.599989891052246,9,"CW-MX-001"
2019-11-14T00:00:00.0000000,2019-11-14T10:56:09.5805645Z,0,2019-11-14T10:34:47.3320000Z,"WeatherStation","64343BB1","8991219FB6770024",32.599998474121094,1011.47802734375,49.799999237060547,21.800010681152344,23,"CW-MX-001"
2019-11-14T00:00:00.0000000,2019-11-14T11:04:07.5441370Z,0,2019-11-14T11:04:07.4730000Z,"WeatherStation","64343BB1","22FBB7FA38AA4F1C",33.400001525878906,1011.646728515625,48.400001525878906,15.599989891052246,10,"CW-MX-001"
2019-11-14T00:00:00.0000000,2019-11-14T10:56:09.5805645Z,0,2019-11-14T10:34:52.9110000Z,"WeatherStation","64343BB1","3DB699975E0227CD",32.700000762939453,1011.462158203125,49.400001525878906,21.800010681152344,26,"CW-MX-001"
2019-11-14T00:00:00.0000000,2019-11-14T11:04:12.9231342Z,0,2019-11-14T11:04:12.8950000Z,"WeatherStation","64343BB1","22FBB7FA38AA4F1C",33.400001525878906,1011.649169921875,48.599998474121094,15.599989891052246,10,"CW-MX-001"
2019-11-14T00:00:00.0000000,2019-11-14T10:56:09.5805645Z,0,2019-11-14T10:34:58.2880000Z,"WeatherStation","64343BB1","0735E39F22AC0DE8",32.599998474121094,1011.3994140625,50.099998474121094,21.800010681152344,27,"CW-MX-001"
2019-11-14T00:00:00.0000000,2019-11-14T11:04:18.2991351Z,0,2019-11-14T11:04:18.2410000Z,"WeatherStation","64343BB1","22FBB7FA38AA4F1C",33.400001525878906,1011.66259765625,48.400001525878906,15.599989891052246,10,"CW-MX-001"
2019-11-14T00:00:00.0000000,2019-11-14T10:56:09.5805645Z,0,2019-11-14T10:35:03.8060000Z,"WeatherStation","64343BB1","79C8A239E7B3F3EC",32.599998474121094,1011.426513671875,49.700000762939453,21.800010681152344,28,"CW-MX-001"
2019-11-14T00:00:00.0000000,2019-11-14T11:04:23.6831579Z,0,2019-11-14T11:04:23.6490000Z,"WeatherStation","64343BB1","22FBB7FA38AA4F1C",33.400001525878906,1011.649169921875,47.799999237060547,15.599989891052246,10,"CW-MX-001"
2019-11-14T00:00:00.0000000,2019-11-14T10:56:09.5805645Z,0,2019-11-14T10:35:09.1810000Z,"WeatherStation","64343BB1","0735E39F22AC0DE8",32.599998474121094,1011.466796875,49.599998474121094,21.800010681152344,27,"CW-MX-001"
2019-11-14T00:00:00.0000000,2019-11-14T11:04:29.0651479Z,0,2019-11-14T11:04:29.0410000Z,"WeatherStation","64343BB1","22FBB7FA38AA4F1C",33.400001525878906,1011.6787109375,47.700000762939453,15.599989891052246,10,"CW-MX-001"
2019-11-14T00:00:00.0000000,2019-11-14T10:56:09.5805645Z,0,2019-11-14T10:35:14.5880000Z,"WeatherStation","64343BB1","670EAFBD8C63630D",32.599998474121094,1011.46923828125,49.299999237060547,21.800010681152344,26,"CW-MX-001"
2019-11-14T00:00:00.0000000,2019-11-14T11:04:34.7391885Z,0,2019-11-14T11:04:34.6350000Z,"WeatherStation","64343BB1","22FBB7FA38AA4F1C",33.400001525878906,1011.662353515625,47.700000762939453,15.599989891052246,10,"CW-MX-001"
2019-11-14T00:00:00.0000000,2019-11-14T10:56:09.5805645Z,0,2019-11-14T10:35:20.1860000Z,"WeatherStation","64343BB1","79C8A239E7B3F3EC",32.599998474121094,1011.496337890625,49.099998474121094,21.800010681152344,28,"CW-MX-001"
2019-11-14T00:00:00.0000000,2019-11-14T11:04:40.1201724Z,0,2019-11-14T11:04:40.0460000Z,"WeatherStation","64343BB1","22FBB7FA38AA4F1C",33.400001525878906,1011.70556640625,47.400001525878906,15.599989891052246,10,"CW-MX-001"
2019-11-14T00:00:00.0000000,2019-11-14T10:56:09.5805645Z,0,2019-11-14T10:35:25.5780000Z,"WeatherStation","64343BB1","79C8A239E7B3F3EC",32.599998474121094,1011.440185546875,48.700000762939453,21.800010681152344,28,"CW-MX-001"
2019-11-14T00:00:00.0000000,2019-11-14T11:04:45.5941502Z,0,2019-11-14T11:04:45.5190000Z,"WeatherStation","64343BB1","22FBB7FA38AA4F1C",33.400001525878906,1011.632568359375,47.099998474121094,15.599989891052246,10,"CW-MX-001"
2019-11-14T00:00:00.0000000,2019-11-14T10:56:09.5815670Z,0,2019-11-14T10:35:30.9090000Z,"WeatherStation","64343BB1","0735E39F22AC0DE8",32.599998474121094,1011.454345703125,49,21.800010681152344,27,"CW-MX-001"
2019-11-14T00:00:00.0000000,2019-11-14T11:04:51.0741616Z,0,2019-11-14T11:04:51.0350000Z,"WeatherStation","64343BB1","22FBB7FA38AA4F1C",33.400001525878906,1011.658447265625,47.400001525878906,15.599989891052246,10,"CW-MX-001"
2019-11-14T00:00:00.0000000,2019-11-14T10:56:09.5815670Z,0,2019-11-14T10:35:36.4860000Z,"WeatherStation","64343BB1","0908EB6ECFB30F63",32.700000762939453,1011.465576171875,49.700000762939453,21.800010681152344,27,"CW-MX-001"
2019-11-14T00:00:00.0000000,2019-11-14T11:04:56.4471563Z,0,2019-11-14T11:04:56.3680000Z,"WeatherStation","64343BB1","22FBB7FA38AA4F1C",33.400001525878906,1011.662841796875,47.400001525878906,15.599989891052246,10,"CW-MX-001"
2019-11-14T00:00:00.0000000,2019-11-14T10:56:09.5815670Z,0,2019-11-14T10:35:41.8930000Z,"WeatherStation","64343BB1","0908EB6ECFB30F63",32.700000762939453,1011.43212890625,49.299999237060547,21.800010681152344,27,"CW-MX-001"
2019-11-14T00:00:00.0000000,2019-11-14T11:05:01.9334021Z,0,2019-11-14T11:05:01.8850000Z,"WeatherStation","64343BB1","541BC16F92C742ED",33.400001525878906,1011.7021484375,47.099998474121094,15.599989891052246,11,"CW-MX-001"
2019-11-14T00:00:00.0000000,2019-11-14T10:56:09.5815670Z,0,2019-11-14T10:35:47.2890000Z,"WeatherStation","64343BB1","3DB699975E0227CD",32.700000762939453,1011.432373046875,49,21.800010681152344,26,"CW-MX-001"
2019-11-14T00:00:00.0000000,2019-11-14T11:05:07.3102286Z,0,2019-11-14T11:05:07.2010000Z,"WeatherStation","64343BB1","22FBB7FA38AA4F1C",33.400001525878906,1011.708984375,47.099998474121094,15.599989891052246,10,"CW-MX-001"
2019-11-14T00:00:00.0000000,2019-11-14T10:56:09.5815670Z,0,2019-11-14T10:35:52.9010000Z,"WeatherStation","64343BB1","3DB699975E0227CD",32.700000762939453,1011.49755859375,49,21.800010681152344,26,"CW-MX-001"
2019-11-14T00:00:00.0000000,2019-11-14T11:05:12.8874231Z,0,2019-11-14T11:05:12.7850000Z,"WeatherStation","64343BB1","22FBB7FA38AA4F1C",33.400001525878906,1011.700439453125,47.200000762939453,15.599989891052246,10,"CW-MX-001"
2019-11-14T00:00:00.0000000,2019-11-14T10:56:09.5815670Z,0,2019-11-14T10:35:58.1850000Z,"WeatherStation","64343BB1","0908EB6ECFB30F63",32.700000762939453,1011.438720703125,49.299999237060547,21.800010681152344,27,"CW-MX-001"
2019-11-14T00:00:00.0000000,2019-11-14T11:05:18.2585002Z,0,2019-11-14T11:05:18.1770000Z,"WeatherStation","64343BB1","541BC16F92C742ED",33.400001525878906,1011.678955078125,47.700000762939453,15.599989891052246,11,"CW-MX-001"
2019-11-14T00:00:00.0000000,2019-11-14T10:56:09.5815670Z,0,2019-11-14T10:36:03.6870000Z,"WeatherStation","64343BB1","3DB699975E0227CD",32.700000762939453,1011.47265625,49.400001525878906,21.800010681152344,26,"CW-MX-001"
2019-11-14T00:00:00.0000000,2019-11-14T11:05:23.6435423Z,0,2019-11-14T11:05:23.6010000Z,"WeatherStation","64343BB1","A932A614CDD5DFD3",33.400001525878906,1011.67724609375,48.099998474121094,15.599989891052246,9,"CW-MX-001"
2019-11-14T00:00:00.0000000,2019-11-14T10:56:09.5815670Z,0,2019-11-14T10:36:08.9840000Z,"WeatherStation","64343BB1","5BFA82BFBD85C8B0",32.700000762939453,1011.474365234375,49.099998474121094,21.800010681152344,28,"CW-MX-001"
2019-11-14T00:00:00.0000000,2019-11-14T11:05:29.2135439Z,0,2019-11-14T11:05:29.1830000Z,"WeatherStation","64343BB1","22FBB7FA38AA4F1C",33.400001525878906,1011.73193359375,47.799999237060547,15.599989891052246,10,"CW-MX-001"
2019-11-14T00:00:00.0000000,2019-11-14T10:56:09.5815670Z,0,2019-11-14T10:36:14.5950000Z,"WeatherStation","64343BB1","DA1FA2AD93A864F5",32.799999237060547,1011.482177734375,48.900001525878906,21.800010681152344,26,"CW-MX-001"
2019-11-14T00:00:00.0000000,2019-11-14T11:05:34.5860862Z,0,2019-11-14T11:05:34.5780000Z,"WeatherStation","64343BB1","22FBB7FA38AA4F1C",33.400001525878906,1011.677978515625,47.599998474121094,15.599989891052246,10,"CW-MX-001"
2019-11-14T00:00:00.0000000,2019-11-14T10:56:09.5815670Z,0,2019-11-14T10:36:19.9880000Z,"WeatherStation","64343BB1","4E2B00A546343C10",32.799999237060547,1011.466796875,48.700000762939453,21.800010681152344,27,"CW-MX-001"
2019-11-14T00:00:00.0000000,2019-11-14T11:05:40.0731122Z,0,2019-11-14T11:05:39.9720000Z,"WeatherStation","64343BB1","22FBB7FA38AA4F1C",33.400001525878906,1011.71630859375,47.5,15.599989891052246,10,"CW-MX-001"
2019-11-14T00:00:00.0000000,2019-11-14T10:56:09.5815670Z,0,2019-11-14T10:36:25.3970000Z,"WeatherStation","64343BB1","5981F388CD67F831",32.799999237060547,1011.445556640625,48.799999237060547,21.800010681152344,28,"CW-MX-001"
2019-11-14T00:00:00.0000000,2019-11-14T11:05:45.6421431Z,0,2019-11-14T11:05:45.5840000Z,"WeatherStation","64343BB1","541BC16F92C742ED",33.400001525878906,1011.70068359375,47.5,15.599989891052246,11,"CW-MX-001"
2019-11-14T00:00:00.0000000,2019-11-14T10:56:09.5815670Z,0,2019-11-14T10:36:30.9150000Z,"WeatherStation","64343BB1","5BFA82BFBD85C8B0",32.700000762939453,1011.44091796875,49.099998474121094,21.800010681152344,28,"CW-MX-001"
2019-11-14T00:00:00.0000000,2019-11-14T11:05:51.0111539Z,0,2019-11-14T11:05:50.9770000Z,"WeatherStation","64343BB1","541BC16F92C742ED",33.400001525878906,1011.69189453125,47.599998474121094,15.599989891052246,11,"CW-MX-001"
2019-11-14T00:00:00.0000000,2019-11-14T10:56:09.5815670Z,0,2019-11-14T10:36:36.2300000Z,"WeatherStation","64343BB1","0908EB6ECFB30F63",32.700000762939453,1011.483154296875,49.599998474121094,21.800010681152344,27,"CW-MX-001"
2019-11-14T00:00:00.0000000,2019-11-14T11:05:56.4941525Z,0,2019-11-14T11:05:56.3700000Z,"WeatherStation","64343BB1","541BC16F92C742ED",33.400001525878906,1011.675048828125,48.099998474121094,15.599989891052246,11,"CW-MX-001"
2019-11-14T00:00:00.0000000,2019-11-14T10:56:09.5815670Z,0,2019-11-14T10:36:41.7370000Z,"WeatherStation","64343BB1","0908EB6ECFB30F63",32.700000762939453,1011.48583984375,49.900001525878906,21.800010681152344,27,"CW-MX-001"
2019-11-14T00:00:00.0000000,2019-11-14T11:06:01.8722030Z,0,2019-11-14T11:06:01.7780000Z,"WeatherStation","64343BB1","22FBB7FA38AA4F1C",33.400001525878906,1011.71484375,48.099998474121094,15.599989891052246,10,"CW-MX-001"
2019-11-14T00:00:00.0000000,2019-11-14T10:56:09.5815670Z,0,2019-11-14T10:36:47.3030000Z,"WeatherStation","64343BB1","4E2B00A546343C10",32.799999237060547,1011.4404296875,49.900001525878906,21.800010681152344,27,"CW-MX-001"
2019-11-14T00:00:00.0000000,2019-11-14T11:06:07.3482115Z,0,2019-11-14T11:06:07.2980000Z,"WeatherStation","64343BB1","22FBB7FA38AA4F1C",33.400001525878906,1011.68896484375,47.700000762939453,15.599989891052246,10,"CW-MX-001"
2019-11-14T00:00:00.0000000,2019-11-14T10:56:09.5815670Z,0,2019-11-14T10:36:52.6010000Z,"WeatherStation","64343BB1","5981F388CD67F831",32.799999237060547,1011.512451171875,49.700000762939453,21.800010681152344,28,"CW-MX-001"
2019-11-14T00:00:00.0000000,2019-11-14T11:06:12.9221918Z,0,2019-11-14T11:06:12.8020000Z,"WeatherStation","64343BB1","22FBB7FA38AA4F1C",33.400001525878906,1011.700439453125,47.299999237060547,15.599989891052246,10,"CW-MX-001"
2019-11-14T00:00:00.0000000,2019-11-14T10:56:09.5815670Z,0,2019-11-14T10:36:58.1490000Z,"WeatherStation","64343BB1","4E2B00A546343C10",32.799999237060547,1011.50634765625,49.799999237060547,21.800010681152344,27,"CW-MX-001"
2019-11-14T00:00:00.0000000,2019-11-14T11:06:18.1902172Z,0,2019-11-14T11:06:18.1180000Z,"WeatherStation","64343BB1","22FBB7FA38AA4F1C",33.400001525878906,1011.674072265625,47.599998474121094,15.599989891052246,10,"CW-MX-001"
2019-11-14T00:00:00.0000000,2019-11-14T10:56:09.5815670Z,0,2019-11-14T10:37:03.4950000Z,"WeatherStation","64343BB1","F2BD97F5781065B7",32.900001525878906,1011.489501953125,50.200000762939453,21.800010681152344,28,"CW-MX-001"
2019-11-14T00:00:00.0000000,2019-11-14T11:06:23.6682221Z,0,2019-11-14T11:06:23.6350000Z,"WeatherStation","64343BB1","7598907E80FA485C",33.299999237060547,1011.697998046875,48,15.599989891052246,11,"CW-MX-001"
2019-11-14T00:00:00.0000000,2019-11-14T10:56:09.5815670Z,0,2019-11-14T10:37:08.9970000Z,"WeatherStation","64343BB1","2FB8CB93E1F33898",32.900001525878906,1011.503662109375,50.099998474121094,21.800010681152344,27,"CW-MX-001"
2019-11-14T00:00:00.0000000,2019-11-14T11:06:29.0382166Z,0,2019-11-14T11:06:28.9490000Z,"WeatherStation","64343BB1","73B1AED2275A2E7E",33.299999237060547,1011.751953125,48.200000762939453,15.599989891052246,10,"CW-MX-001"
2019-11-14T00:00:00.0000000,2019-11-14T10:56:09.5815670Z,0,2019-11-14T10:37:14.4840000Z,"WeatherStation","64343BB1","4E2B00A546343C10",32.799999237060547,1011.477294921875,50.5,21.800010681152344,27,"CW-MX-001"
2019-11-14T00:00:00.0000000,2019-11-14T11:06:34.5186632Z,0,2019-11-14T11:06:34.4670000Z,"WeatherStation","64343BB1","73B1AED2275A2E7E",33.299999237060547,1011.71142578125,48.200000762939453,15.599989891052246,10,"CW-MX-001"
2019-11-14T00:00:00.0000000,2019-11-14T10:56:09.5815670Z,0,2019-11-14T10:37:19.9370000Z,"WeatherStation","64343BB1","01F352B01D5BC59E",32.900001525878906,1011.448486328125,50.599998474121094,21.800010681152344,26,"CW-MX-001"
2019-11-14T00:00:00.0000000,2019-11-14T11:06:40.0916594Z,0,2019-11-14T11:06:39.9840000Z,"WeatherStation","64343BB1","73B1AED2275A2E7E",33.299999237060547,1011.724365234375,47.799999237060547,15.599989891052246,10,"CW-MX-001"
2019-11-14T00:00:00.0000000,2019-11-14T10:56:09.5815670Z,0,2019-11-14T10:37:25.2820000Z,"WeatherStation","64343BB1","F2BD97F5781065B7",32.900001525878906,1011.514892578125,50.700000762939453,21.800010681152344,28,"CW-MX-001"
2019-11-14T00:00:00.0000000,2019-11-14T11:06:45.3797032Z,0,2019-11-14T11:06:45.2960000Z,"WeatherStation","64343BB1","A932A614CDD5DFD3",33.400001525878906,1011.72802734375,47.299999237060547,15.599989891052246,9,"CW-MX-001"
2019-11-14T00:00:00.0000000,2019-11-14T10:56:09.5825666Z,0,2019-11-14T10:37:30.8020000Z,"WeatherStation","64343BB1","4E2B00A546343C10",32.799999237060547,1011.4921875,50.700000762939453,21.800010681152344,27,"CW-MX-001"
2019-11-14T00:00:00.0000000,2019-11-14T11:06:50.8546712Z,0,2019-11-14T11:06:50.8320000Z,"WeatherStation","64343BB1","22FBB7FA38AA4F1C",33.400001525878906,1011.773193359375,47,15.599989891052246,10,"CW-MX-001"
2019-11-14T00:00:00.0000000,2019-11-14T10:56:09.5825666Z,0,2019-11-14T10:37:36.1470000Z,"WeatherStation","64343BB1","5981F388CD67F831",32.799999237060547,1011.48974609375,50.5,21.800010681152344,28,"CW-MX-001"
2019-11-14T00:00:00.0000000,2019-11-14T11:06:56.4346727Z,0,2019-11-14T11:06:56.3350000Z,"WeatherStation","64343BB1","541BC16F92C742ED",33.400001525878906,1011.694580078125,46.799999237060547,15.599989891052246,11,"CW-MX-001"
2019-11-14T00:00:00.0000000,2019-11-14T10:56:09.5825666Z,0,2019-11-14T10:37:41.6500000Z,"WeatherStation","64343BB1","4E2B00A546343C10",32.799999237060547,1011.49267578125,50,21.800010681152344,27,"CW-MX-001"
2019-11-14T00:00:00.0000000,2019-11-14T11:07:01.7136899Z,0,2019-11-14T11:07:01.6340000Z,"WeatherStation","64343BB1","22FBB7FA38AA4F1C",33.400001525878906,1011.71875,47.299999237060547,15.599989891052246,10,"CW-MX-001"
2019-11-14T00:00:00.0000000,2019-11-14T10:56:09.5825666Z,0,2019-11-14T10:37:47.1840000Z,"WeatherStation","64343BB1","5981F388CD67F831",32.799999237060547,1011.457763671875,49.799999237060547,21.800010681152344,28,"CW-MX-001"
2019-11-14T00:00:00.0000000,2019-11-14T11:07:07.1896808Z,0,2019-11-14T11:07:07.1510000Z,"WeatherStation","64343BB1","7598907E80FA485C",33.299999237060547,1011.716796875,47.799999237060547,15.599989891052246,11,"CW-MX-001"
2019-11-14T00:00:00.0000000,2019-11-14T10:56:09.5825666Z,0,2019-11-14T10:37:52.5450000Z,"WeatherStation","64343BB1","DA1FA2AD93A864F5",32.799999237060547,1011.5126953125,49.5,21.800010681152344,26,"CW-MX-001"
2019-11-14T00:00:00.0000000,2019-11-14T11:07:12.6701976Z,0,2019-11-14T11:07:12.6090000Z,"WeatherStation","64343BB1","87D6FCB4F71345ED",33.299999237060547,1011.7353515625,47.799999237060547,15.599989891052246,9,"CW-MX-001"
2019-11-14T00:00:00.0000000,2019-11-14T10:56:09.5825666Z,0,2019-11-14T10:37:57.8910000Z,"WeatherStation","64343BB1","F2BD97F5781065B7",32.900001525878906,1011.4970703125,49.299999237060547,21.800010681152344,28,"CW-MX-001"
2019-11-14T00:00:00.0000000,2019-11-14T11:07:18.0411536Z,0,2019-11-14T11:07:17.9390000Z,"WeatherStation","64343BB1","87D6FCB4F71345ED",33.299999237060547,1011.750732421875,47.599998474121094,15.599989891052246,9,"CW-MX-001"
2019-11-14T00:00:00.0000000,2019-11-14T10:56:09.5825666Z,0,2019-11-14T10:38:03.4700000Z,"WeatherStation","64343BB1","DA1FA2AD93A864F5",32.799999237060547,1011.482666015625,49.400001525878906,21.800010681152344,26,"CW-MX-001"
2019-11-14T00:00:00.0000000,2019-11-14T11:07:23.6211842Z,0,2019-11-14T11:07:23.5500000Z,"WeatherStation","64343BB1","49E01CF7F569F0A7",33.200000762939453,1011.6806640625,47.5,15.599989891052246,10,"CW-MX-001"
2019-11-14T00:00:00.0000000,2019-11-14T10:56:09.5825666Z,0,2019-11-14T10:38:08.7850000Z,"WeatherStation","64343BB1","DA1FA2AD93A864F5",32.799999237060547,1011.48046875,49.200000762939453,21.800010681152344,26,"CW-MX-001"
2019-11-14T00:00:00.0000000,2019-11-14T11:07:29.0034396Z,0,2019-11-14T11:07:28.9420000Z,"WeatherStation","64343BB1","790D5F4670A0A793",33.200000762939453,1011.77001953125,47.400001525878906,15.599989891052246,11,"CW-MX-001"
2019-11-14T00:00:00.0000000,2019-11-14T10:56:09.5825666Z,0,2019-11-14T10:38:14.3510000Z,"WeatherStation","64343BB1","2FB8CB93E1F33898",32.900001525878906,1011.473876953125,49.400001525878906,21.800010681152344,27,"CW-MX-001"
2019-11-14T00:00:00.0000000,2019-11-14T11:07:34.3754705Z,0,2019-11-14T11:07:34.3490000Z,"WeatherStation","64343BB1","49E01CF7F569F0A7",33.200000762939453,1011.748291015625,47.700000762939453,15.599989891052246,10,"CW-MX-001"
2019-11-14T00:00:00.0000000,2019-11-14T10:56:09.5825666Z,0,2019-11-14T10:38:19.7620000Z,"WeatherStation","64343BB1","2FB8CB93E1F33898",32.900001525878906,1011.500732421875,49.400001525878906,21.800010681152344,27,"CW-MX-001"
2019-11-14T00:00:00.0000000,2019-11-14T11:07:39.8525292Z,0,2019-11-14T11:07:39.7430000Z,"WeatherStation","64343BB1","7598907E80FA485C",33.299999237060547,1011.708740234375,48,15.599989891052246,11,"CW-MX-001"
2019-11-14T00:00:00.0000000,2019-11-14T10:56:09.5825666Z,0,2019-11-14T10:38:25.1860000Z,"WeatherStation","64343BB1","2FB8CB93E1F33898",32.900001525878906,1011.480712890625,49.400001525878906,21.800010681152344,27,"CW-MX-001"
2019-11-14T00:00:00.0000000,2019-11-14T11:07:45.3245680Z,0,2019-11-14T11:07:45.2600000Z,"WeatherStation","64343BB1","7598907E80FA485C",33.299999237060547,1011.7158203125,47.599998474121094,15.599989891052246,11,"CW-MX-001"
2019-11-14T00:00:00.0000000,2019-11-14T10:56:09.5825666Z,0,2019-11-14T10:38:30.7820000Z,"WeatherStation","64343BB1","4E2B00A546343C10",32.799999237060547,1011.45263671875,49.200000762939453,21.800010681152344,27,"CW-MX-001"
2019-11-14T00:00:00.0000000,2019-11-14T11:07:50.7025495Z,0,2019-11-14T11:07:50.5880000Z,"WeatherStation","64343BB1","73B1AED2275A2E7E",33.299999237060547,1011.7265625,47.400001525878906,15.599989891052246,10,"CW-MX-001"
2019-11-14T00:00:00.0000000,2019-11-14T10:56:09.5825666Z,0,2019-11-14T10:38:36.3620000Z,"WeatherStation","64343BB1","DA1FA2AD93A864F5",32.799999237060547,1011.479248046875,49.099998474121094,21.800010681152344,26,"CW-MX-001"
2019-11-14T00:00:00.0000000,2019-11-14T11:07:56.1995777Z,0,2019-11-14T11:07:56.1040000Z,"WeatherStation","64343BB1","7598907E80FA485C",33.299999237060547,1011.71728515625,48.099998474121094,15.599989891052246,11,"CW-MX-001"
2019-11-14T00:00:00.0000000,2019-11-14T10:56:09.5825666Z,0,2019-11-14T10:38:41.7760000Z,"WeatherStation","64343BB1","DA1FA2AD93A864F5",32.799999237060547,1011.4541015625,49.799999237060547,21.800010681152344,26,"CW-MX-001"
2019-11-14T00:00:00.0000000,2019-11-14T11:08:01.6806032Z,0,2019-11-14T11:08:01.6060000Z,"WeatherStation","64343BB1","73B1AED2275A2E7E",33.299999237060547,1011.73583984375,48.599998474121094,15.599989891052246,10,"CW-MX-001"
2019-11-14T00:00:00.0000000,2019-11-14T10:56:09.5825666Z,0,2019-11-14T10:38:47.1370000Z,"WeatherStation","64343BB1","DA1FA2AD93A864F5",32.799999237060547,1011.512939453125,50.099998474121094,21.800010681152344,26,"CW-MX-001"
2019-11-14T00:00:00.0000000,2019-11-14T11:08:06.9636123Z,0,2019-11-14T11:08:06.9210000Z,"WeatherStation","64343BB1","541BC16F92C742ED",33.400001525878906,1011.746826171875,48.799999237060547,15.599989891052246,11,"CW-MX-001"
2019-11-14T00:00:00.0000000,2019-11-14T10:56:09.5825666Z,0,2019-11-14T10:38:52.5780000Z,"WeatherStation","64343BB1","3753E77D527D79E9",32.799999237060547,1011.521484375,50.200000762939453,21.800010681152344,29,"CW-MX-001"
2019-11-14T00:00:00.0000000,2019-11-14T11:08:12.5374412Z,0,2019-11-14T11:08:12.4540000Z,"WeatherStation","64343BB1","73B1AED2275A2E7E",33.299999237060547,1011.695068359375,48.900001525878906,15.599989891052246,10,"CW-MX-001"
2019-11-14T00:00:00.0000000,2019-11-14T10:56:09.5825666Z,0,2019-11-14T10:38:58.1420000Z,"WeatherStation","64343BB1","4E2B00A546343C10",32.799999237060547,1011.508544921875,50.099998474121094,21.800010681152344,27,"CW-MX-001"
2019-11-14T00:00:00.0000000,2019-11-14T11:08:18.0134296Z,0,2019-11-14T11:08:17.9860000Z,"WeatherStation","64343BB1","22FBB7FA38AA4F1C",33.400001525878906,1011.7080078125,48.599998474121094,15.599989891052246,10,"CW-MX-001"
2019-11-14T00:00:00.0000000,2019-11-14T10:56:09.5825666Z,0,2019-11-14T10:39:03.4870000Z,"WeatherStation","64343BB1","4E2B00A546343C10",32.799999237060547,1011.493896484375,50.400001525878906,21.800010681152344,27,"CW-MX-001"
2019-11-14T00:00:00.0000000,2019-11-14T10:56:09.5825666Z,0,2019-11-14T10:39:08.9110000Z,"WeatherStation","64343BB1","01F352B01D5BC59E",32.900001525878906,1011.484375,49.799999237060547,21.800010681152344,26,"CW-MX-001"
2019-11-14T00:00:00.0000000,2019-11-14T10:56:09.5825666Z,0,2019-11-14T10:39:14.3660000Z,"WeatherStation","64343BB1","01F352B01D5BC59E",32.900001525878906,1011.47216796875,49.099998474121094,21.800010681152344,26,"CW-MX-001"
2019-11-14T00:00:00.0000000,2019-11-14T10:56:09.5825666Z,0,2019-11-14T10:39:19.6950000Z,"WeatherStation","64343BB1","01F352B01D5BC59E",32.900001525878906,1011.468994140625,48.799999237060547,21.800010681152344,26,"CW-MX-001"
2019-11-14T00:00:00.0000000,2019-11-14T10:56:09.5825666Z,0,2019-11-14T10:39:25.2890000Z,"WeatherStation","64343BB1","2FB8CB93E1F33898",32.900001525878906,1011.505859375,48.5,21.800010681152344,27,"CW-MX-001"
2019-11-14T00:00:00.0000000,2019-11-14T10:56:09.5825666Z,0,2019-11-14T10:39:30.6830000Z,"WeatherStation","64343BB1","01F352B01D5BC59E",32.900001525878906,1011.50927734375,48.400001525878906,21.800010681152344,26,"CW-MX-001"
2019-11-14T00:00:00.0000000,2019-11-14T10:56:09.5835660Z,0,2019-11-14T10:39:36.0590000Z,"WeatherStation","64343BB1","2FB8CB93E1F33898",32.900001525878906,1011.520751953125,48.400001525878906,21.800010681152344,27,"CW-MX-001"
2019-11-14T00:00:00.0000000,2019-11-14T10:56:09.5835660Z,0,2019-11-14T10:39:41.6710000Z,"WeatherStation","64343BB1","01F352B01D5BC59E",32.900001525878906,1011.48583984375,48.400001525878906,21.800010681152344,26,"CW-MX-001"
2019-11-14T00:00:00.0000000,2019-11-14T10:56:09.5835660Z,0,2019-11-14T10:39:47.0620000Z,"WeatherStation","64343BB1","6EA6CC4A1F5E1B9F",33,1011.450439453125,48.299999237060547,21.800010681152344,27,"CW-MX-001"
2019-11-14T00:00:00.0000000,2019-11-14T10:56:09.5835660Z,0,2019-11-14T10:39:52.4060000Z,"WeatherStation","64343BB1","2FB8CB93E1F33898",32.900001525878906,1011.49755859375,48.200000762939453,21.800010681152344,27,"CW-MX-001"
2019-11-14T00:00:00.0000000,2019-11-14T10:56:09.5835660Z,0,2019-11-14T10:39:57.8430000Z,"WeatherStation","64343BB1","2FB8CB93E1F33898",32.900001525878906,1011.496826171875,48.200000762939453,21.800010681152344,27,"CW-MX-001"
2019-11-14T00:00:00.0000000,2019-11-14T10:56:09.5835660Z,0,2019-11-14T10:40:03.3940000Z,"WeatherStation","64343BB1","2DE48DAC3EFA66E2",33,1011.44921875,48.099998474121094,21.800010681152344,25,"CW-MX-001"
2019-11-14T00:00:00.0000000,2019-11-14T10:56:09.5835660Z,0,2019-11-14T10:40:08.7390000Z,"WeatherStation","64343BB1","4C90178FD2D05374",33,1011.521240234375,48.200000762939453,21.800010681152344,26,"CW-MX-001"
2019-11-14T00:00:00.0000000,2019-11-14T10:56:09.5835660Z,0,2019-11-14T10:40:14.1780000Z,"WeatherStation","64343BB1","2DE48DAC3EFA66E2",33,1011.46630859375,48.299999237060547,21.800010681152344,25,"CW-MX-001"
2019-11-14T00:00:00.0000000,2019-11-14T10:56:09.5835660Z,0,2019-11-14T10:40:19.5730000Z,"WeatherStation","64343BB1","4C90178FD2D05374",33,1011.494140625,48.599998474121094,21.800010681152344,26,"CW-MX-001"
2019-11-14T00:00:00.0000000,2019-11-14T10:56:09.5835660Z,0,2019-11-14T10:40:24.9030000Z,"WeatherStation","64343BB1","6EA6CC4A1F5E1B9F",33,1011.475830078125,48.599998474121094,21.800010681152344,27,"CW-MX-001"
2019-11-14T00:00:00.0000000,2019-11-14T10:56:09.5835660Z,0,2019-11-14T10:40:30.5000000Z,"WeatherStation","64343BB1","4C90178FD2D05374",33,1011.44970703125,48.5,21.800010681152344,26,"CW-MX-001"
2019-11-14T00:00:00.0000000,2019-11-14T10:56:09.5835660Z,0,2019-11-14T10:40:35.8590000Z,"WeatherStation","64343BB1","4C90178FD2D05374",33,1011.504150390625,48.799999237060547,21.800010681152344,26,"CW-MX-001"
2019-11-14T00:00:00.0000000,2019-11-14T10:56:09.5835660Z,0,2019-11-14T10:40:41.3920000Z,"WeatherStation","64343BB1","4C90178FD2D05374",33,1011.49462890625,48.700000762939453,21.800010681152344,26,"CW-MX-001"
2019-11-14T00:00:00.0000000,2019-11-14T10:56:09.5835660Z,0,2019-11-14T10:40:46.7690000Z,"WeatherStation","64343BB1","2FB8CB93E1F33898",32.900001525878906,1011.48876953125,48.599998474121094,21.800010681152344,27,"CW-MX-001"
2019-11-14T00:00:00.0000000,2019-11-14T10:56:09.5835660Z,0,2019-11-14T10:40:52.1140000Z,"WeatherStation","64343BB1","6EA6CC4A1F5E1B9F",33,1011.492431640625,48.5,21.800010681152344,27,"CW-MX-001"
2019-11-14T00:00:00.0000000,2019-11-14T10:56:09.5835660Z,0,2019-11-14T10:40:57.6300000Z,"WeatherStation","64343BB1","4C90178FD2D05374",33,1011.458251953125,48.400001525878906,21.800010681152344,26,"CW-MX-001"
2019-11-14T00:00:00.0000000,2019-11-14T10:56:09.5835660Z,0,2019-11-14T10:41:02.9290000Z,"WeatherStation","64343BB1","31B7F03BE950A8BC",32.900001525878906,1011.465576171875,48.5,21.800010681152344,25,"CW-MX-001"
2019-11-14T00:00:00.0000000,2019-11-14T10:56:09.5835660Z,0,2019-11-14T10:41:08.3570000Z,"WeatherStation","64343BB1","31B7F03BE950A8BC",32.900001525878906,1011.527587890625,48.700000762939453,21.800010681152344,25,"CW-MX-001"
2019-11-14T00:00:00.0000000,2019-11-14T10:56:09.5835660Z,0,2019-11-14T10:41:13.8900000Z,"WeatherStation","64343BB1","2FB8CB93E1F33898",32.900001525878906,1011.47314453125,48.400001525878906,21.800010681152344,27,"CW-MX-001"
2019-11-14T00:00:00.0000000,2019-11-14T10:56:09.5835660Z,0,2019-11-14T10:41:19.2510000Z,"WeatherStation","64343BB1","01F352B01D5BC59E",32.900001525878906,1011.480224609375,48,21.800010681152344,26,"CW-MX-001"
2019-11-14T00:00:00.0000000,2019-11-14T10:56:09.5835660Z,0,2019-11-14T10:41:24.6440000Z,"WeatherStation","64343BB1","01F352B01D5BC59E",32.900001525878906,1011.430419921875,47.900001525878906,21.800010681152344,26,"CW-MX-001"
2019-11-14T00:00:00.0000000,2019-11-14T10:56:09.5835660Z,0,2019-11-14T10:41:29.9570000Z,"WeatherStation","64343BB1","01F352B01D5BC59E",32.900001525878906,1011.50732421875,47.700000762939453,21.800010681152344,26,"CW-MX-001"
2019-11-14T00:00:00.0000000,2019-11-14T10:56:09.5835660Z,0,2019-11-14T10:41:35.4900000Z,"WeatherStation","64343BB1","01F352B01D5BC59E",32.900001525878906,1011.461181640625,47.599998474121094,21.800010681152344,26,"CW-MX-001"
2019-11-14T00:00:00.0000000,2019-11-14T10:56:09.5895568Z,0,2019-11-14T10:41:40.8050000Z,"WeatherStation","64343BB1","4E2B00A546343C10",32.799999237060547,1011.471435546875,47.599998474121094,21.800010681152344,27,"CW-MX-001"
2019-11-14T00:00:00.0000000,2019-11-14T10:56:09.5895568Z,0,2019-11-14T10:41:46.3710000Z,"WeatherStation","64343BB1","DA1FA2AD93A864F5",32.799999237060547,1011.511962890625,47.900001525878906,21.800010681152344,26,"CW-MX-001"
2019-11-14T00:00:00.0000000,2019-11-14T10:56:09.5895568Z,0,2019-11-14T10:41:51.7330000Z,"WeatherStation","64343BB1","4E2B00A546343C10",32.799999237060547,1011.46826171875,48.099998474121094,21.800010681152344,27,"CW-MX-001"
2019-11-14T00:00:00.0000000,2019-11-14T10:56:09.5895568Z,0,2019-11-14T10:41:57.2490000Z,"WeatherStation","64343BB1","DA1FA2AD93A864F5",32.799999237060547,1011.512451171875,49,21.800010681152344,26,"CW-MX-001"
2019-11-14T00:00:00.0000000,2019-11-14T10:56:09.5895568Z,0,2019-11-14T10:42:02.5810000Z,"WeatherStation","64343BB1","5CE5ABAD32375C47",32.799999237060547,1011.509521484375,49.700000762939453,21.800010681152344,25,"CW-MX-001"
2019-11-14T00:00:00.0000000,2019-11-14T10:56:09.5905574Z,0,2019-11-14T10:42:08.0980000Z,"WeatherStation","64343BB1","31B7F03BE950A8BC",32.900001525878906,1011.4921875,50.5,21.800010681152344,25,"CW-MX-001"
2019-11-14T00:00:00.0000000,2019-11-14T10:56:09.5905574Z,0,2019-11-14T10:42:13.4140000Z,"WeatherStation","64343BB1","2FB8CB93E1F33898",32.900001525878906,1011.464599609375,51,21.800010681152344,27,"CW-MX-001"
2019-11-14T00:00:00.0000000,2019-11-14T10:56:09.5905574Z,0,2019-11-14T10:42:18.7130000Z,"WeatherStation","64343BB1","2FB8CB93E1F33898",32.900001525878906,1011.490478515625,50.299999237060547,21.800010681152344,27,"CW-MX-001"
2019-11-14T00:00:00.0000000,2019-11-14T10:56:09.5905574Z,0,2019-11-14T10:42:24.2620000Z,"WeatherStation","64343BB1","01F352B01D5BC59E",32.900001525878906,1011.4833984375,49.700000762939453,21.800010681152344,26,"CW-MX-001"
2019-11-14T00:00:00.0000000,2019-11-14T10:56:09.5905574Z,0,2019-11-14T10:42:29.6400000Z,"WeatherStation","64343BB1","4C90178FD2D05374",33,1011.527099609375,49,21.800010681152344,26,"CW-MX-001"
2019-11-14T00:00:00.0000000,2019-11-14T10:56:09.5905574Z,0,2019-11-14T10:42:35.1720000Z,"WeatherStation","64343BB1","6EA6CC4A1F5E1B9F",33,1011.4912109375,48.799999237060547,21.800010681152344,27,"CW-MX-001"
2019-11-14T00:00:00.0000000,2019-11-14T10:56:09.5905574Z,0,2019-11-14T10:42:40.6890000Z,"WeatherStation","64343BB1","4C90178FD2D05374",33,1011.47314453125,48.400001525878906,21.800010681152344,26,"CW-MX-001"
2019-11-14T00:00:00.0000000,2019-11-14T10:56:09.5905574Z,0,2019-11-14T10:42:46.0530000Z,"WeatherStation","64343BB1","6EA6CC4A1F5E1B9F",33,1011.467529296875,48.299999237060547,21.800010681152344,27,"CW-MX-001"
2019-11-14T00:00:00.0000000,2019-11-14T10:56:09.5905574Z,0,2019-11-14T10:42:51.4620000Z,"WeatherStation","64343BB1","6EA6CC4A1F5E1B9F",33,1011.466064453125,48.599998474121094,21.800010681152344,27,"CW-MX-001"
2019-11-14T00:00:00.0000000,2019-11-14T10:56:09.5905574Z,0,2019-11-14T10:42:56.8530000Z,"WeatherStation","64343BB1","D861A6400C1AADEE",33.099998474121094,1011.49755859375,48.400001525878906,21.800010681152344,27,"CW-MX-001"
2019-11-14T00:00:00.0000000,2019-11-14T10:56:09.5905574Z,0,2019-11-14T10:43:02.1840000Z,"WeatherStation","64343BB1","6EA6CC4A1F5E1B9F",33,1011.52734375,48.400001525878906,21.800010681152344,27,"CW-MX-001"
2019-11-14T00:00:00.0000000,2019-11-14T10:56:09.5905574Z,0,2019-11-14T10:43:07.7180000Z,"WeatherStation","64343BB1","4C90178FD2D05374",33,1011.50244140625,48.299999237060547,21.800010681152344,26,"CW-MX-001"
2019-11-14T00:00:00.0000000,2019-11-14T10:56:09.5905574Z,0,2019-11-14T10:43:13.0480000Z,"WeatherStation","64343BB1","D861A6400C1AADEE",33.099998474121094,1011.478271484375,48.299999237060547,21.800010681152344,27,"CW-MX-001"
2019-11-14T00:00:00.0000000,2019-11-14T10:56:09.5905574Z,0,2019-11-14T10:43:18.4570000Z,"WeatherStation","64343BB1","6EA6CC4A1F5E1B9F",33,1011.461669921875,48.099998474121094,21.800010681152344,27,"CW-MX-001"
2019-11-14T00:00:00.0000000,2019-11-14T10:56:09.5905574Z,0,2019-11-14T10:43:23.8470000Z,"WeatherStation","64343BB1","B6C95655B16966AA",33.099998474121094,1011.510498046875,48,21.800010681152344,26,"CW-MX-001"
2019-11-14T00:00:00.0000000,2019-11-14T10:56:09.5905574Z,0,2019-11-14T10:43:29.3940000Z,"WeatherStation","64343BB1","D861A6400C1AADEE",33.099998474121094,1011.434326171875,47.799999237060547,21.800010681152344,27,"CW-MX-001"
2019-11-14T00:00:00.0000000,2019-11-14T10:56:09.5905574Z,0,2019-11-14T10:43:34.8530000Z,"WeatherStation","64343BB1","B6C95655B16966AA",33.099998474121094,1011.4931640625,47.700000762939453,21.800010681152344,26,"CW-MX-001"
2019-11-14T00:00:00.0000000,2019-11-14T10:56:09.5905574Z,0,2019-11-14T10:43:40.2480000Z,"WeatherStation","64343BB1","3C71D3C15AAF9701",33.099998474121094,1011.48291015625,47.5,21.800010681152344,25,"CW-MX-001"
2019-11-14T00:00:00.0000000,2019-11-14T10:56:09.5915670Z,0,2019-11-14T10:43:45.8600000Z,"WeatherStation","64343BB1","211AD1F45A1C588C",33.200000762939453,1011.50927734375,47.299999237060547,21.800010681152344,26,"CW-MX-001"
2019-11-14T00:00:00.0000000,2019-11-14T10:56:09.5915670Z,0,2019-11-14T10:43:51.4560000Z,"WeatherStation","64343BB1","211AD1F45A1C588C",33.200000762939453,1011.5380859375,47.299999237060547,21.800010681152344,26,"CW-MX-001"
2019-11-14T00:00:00.0000000,2019-11-14T10:56:09.5915670Z,0,2019-11-14T10:43:56.7540000Z,"WeatherStation","64343BB1","211AD1F45A1C588C",33.200000762939453,1011.53369140625,47.099998474121094,21.800010681152344,26,"CW-MX-001"
2019-11-14T00:00:00.0000000,2019-11-14T10:56:09.5915670Z,0,2019-11-14T10:44:02.0520000Z,"WeatherStation","64343BB1","E695FB2C5E3210E5",33.200000762939453,1011.505859375,47,21.800010681152344,27,"CW-MX-001"
2019-11-14T00:00:00.0000000,2019-11-14T10:56:09.5915670Z,0,2019-11-14T10:44:07.4740000Z,"WeatherStation","64343BB1","E695FB2C5E3210E5",33.200000762939453,1011.477294921875,46.900001525878906,21.800010681152344,27,"CW-MX-001"
2019-11-14T00:00:00.0000000,2019-11-14T10:56:09.5915670Z,0,2019-11-14T10:44:12.9290000Z,"WeatherStation","64343BB1","E695FB2C5E3210E5",33.200000762939453,1011.464111328125,47.099998474121094,21.800010681152344,27,"CW-MX-001"
2019-11-14T00:00:00.0000000,2019-11-14T10:56:09.5915670Z,0,2019-11-14T10:44:18.3230000Z,"WeatherStation","64343BB1","D861A6400C1AADEE",33.099998474121094,1011.51025390625,47.5,21.800010681152344,27,"CW-MX-001"
2019-11-14T00:00:00.0000000,2019-11-14T10:56:09.5915670Z,0,2019-11-14T10:44:23.9200000Z,"WeatherStation","64343BB1","211AD1F45A1C588C",33.200000762939453,1011.48193359375,47.700000762939453,21.800010681152344,26,"CW-MX-001"
2019-11-14T00:00:00.0000000,2019-11-14T10:56:09.5915670Z,0,2019-11-14T10:44:29.2640000Z,"WeatherStation","64343BB1","E695FB2C5E3210E5",33.200000762939453,1011.487548828125,47.700000762939453,21.800010681152344,27,"CW-MX-001"
2019-11-14T00:00:00.0000000,2019-11-14T10:56:09.5915670Z,0,2019-11-14T10:44:34.6430000Z,"WeatherStation","64343BB1","E695FB2C5E3210E5",33.200000762939453,1011.491455078125,48.099998474121094,21.800010681152344,27,"CW-MX-001"
2019-11-14T00:00:00.0000000,2019-11-14T10:56:09.5915670Z,0,2019-11-14T10:44:40.1280000Z,"WeatherStation","64343BB1","E695FB2C5E3210E5",33.200000762939453,1011.5458984375,47.700000762939453,21.800010681152344,27,"CW-MX-001"
2019-11-14T00:00:00.0000000,2019-11-14T10:56:09.5915670Z,0,2019-11-14T10:44:45.6770000Z,"WeatherStation","64343BB1","77DF32E4A10A5A5D",33,1011.5380859375,49.5,21.800010681152344,21,"CW-MX-001"
2019-11-14T00:00:00.0000000,2019-11-14T10:56:09.5915670Z,0,2019-11-14T10:44:51.0560000Z,"WeatherStation","64343BB1","C5498B26FC941E81",33,1011.512939453125,49.599998474121094,21.800010681152344,22,"CW-MX-001"
2019-11-14T00:00:00.0000000,2019-11-14T10:56:09.5915670Z,0,2019-11-14T10:44:56.4630000Z,"WeatherStation","64343BB1","C5498B26FC941E81",33,1011.523193359375,49.299999237060547,21.800010681152344,22,"CW-MX-001"
2019-11-14T00:00:00.0000000,2019-11-14T10:56:09.5915670Z,0,2019-11-14T10:45:02.0740000Z,"WeatherStation","64343BB1","77DF32E4A10A5A5D",33,1011.49609375,49,21.800010681152344,21,"CW-MX-001"
2019-11-14T00:00:00.0000000,2019-11-14T10:56:09.5915670Z,0,2019-11-14T10:45:07.4530000Z,"WeatherStation","64343BB1","AFE0FB81F9434B29",32.900001525878906,1011.529296875,49.299999237060547,21.800010681152344,23,"CW-MX-001"
2019-11-14T00:00:00.0000000,2019-11-14T10:56:09.5915670Z,0,2019-11-14T10:45:12.8460000Z,"WeatherStation","64343BB1","C5498B26FC941E81",33,1011.536376953125,49.5,21.800010681152344,22,"CW-MX-001"
2019-11-14T00:00:00.0000000,2019-11-14T10:56:09.5915670Z,0,2019-11-14T10:45:18.2580000Z,"WeatherStation","64343BB1","C5498B26FC941E81",33,1011.478515625,49.099998474121094,21.800010681152344,22,"CW-MX-001"
2019-11-14T00:00:00.0000000,2019-11-14T10:56:09.5915670Z,0,2019-11-14T10:45:23.8680000Z,"WeatherStation","64343BB1","C5498B26FC941E81",33,1011.507568359375,48.900001525878906,21.800010681152344,22,"CW-MX-001"
2019-11-14T00:00:00.0000000,2019-11-14T10:56:09.5915670Z,0,2019-11-14T10:45:29.1830000Z,"WeatherStation","64343BB1","A4B3ADA3A1D3D182",32.900001525878906,1011.520751953125,48.599998474121094,21.800010681152344,22,"CW-MX-001"
2019-11-14T00:00:00.0000000,2019-11-14T10:56:09.5915670Z,0,2019-11-14T10:45:34.6560000Z,"WeatherStation","64343BB1","AFE0FB81F9434B29",32.900001525878906,1011.52783203125,48.799999237060547,21.800010681152344,23,"CW-MX-001"
2019-11-14T00:00:00.0000000,2019-11-14T10:56:09.5915670Z,0,2019-11-14T10:45:40.1110000Z,"WeatherStation","64343BB1","A4B3ADA3A1D3D182",32.900001525878906,1011.53564453125,48.700000762939453,21.800010681152344,22,"CW-MX-001"
2019-11-14T00:00:00.0000000,2019-11-14T10:56:09.5915670Z,0,2019-11-14T10:45:45.5550000Z,"WeatherStation","64343BB1","A4B3ADA3A1D3D182",32.900001525878906,1011.542236328125,48.799999237060547,21.800010681152344,22,"CW-MX-001"
2019-11-14T00:00:00.0000000,2019-11-14T10:56:09.5925578Z,0,2019-11-14T10:45:51.1660000Z,"WeatherStation","64343BB1","8DA1D04FA68F6CBE",32.900001525878906,1011.52197265625,48.700000762939453,21.800010681152344,21,"CW-MX-001"
2019-11-14T00:00:00.0000000,2019-11-14T10:56:09.5925578Z,0,2019-11-14T10:45:56.5590000Z,"WeatherStation","64343BB1","AFE0FB81F9434B29",32.900001525878906,1011.595703125,48.599998474121094,21.800010681152344,23,"CW-MX-001"
2019-11-14T00:00:00.0000000,2019-11-14T10:56:09.5925578Z,0,2019-11-14T10:46:01.9380000Z,"WeatherStation","64343BB1","8DA1D04FA68F6CBE",32.900001525878906,1011.527587890625,48.400001525878906,21.800010681152344,21,"CW-MX-001"
2019-11-14T00:00:00.0000000,2019-11-14T10:56:09.5925578Z,0,2019-11-14T10:46:07.4400000Z,"WeatherStation","64343BB1","AFE0FB81F9434B29",32.900001525878906,1011.535888671875,48.099998474121094,21.800010681152344,23,"CW-MX-001"
2019-11-14T00:00:00.0000000,2019-11-14T10:56:09.5925578Z,0,2019-11-14T10:46:12.7860000Z,"WeatherStation","64343BB1","A4B3ADA3A1D3D182",32.900001525878906,1011.473876953125,48,21.800010681152344,22,"CW-MX-001"
2019-11-14T00:00:00.0000000,2019-11-14T10:56:09.5925578Z,0,2019-11-14T10:46:18.3350000Z,"WeatherStation","64343BB1","AFE0FB81F9434B29",32.900001525878906,1011.522216796875,48.099998474121094,21.800010681152344,23,"CW-MX-001"
2019-11-14T00:00:00.0000000,2019-11-14T10:56:09.5925578Z,0,2019-11-14T10:46:23.6810000Z,"WeatherStation","64343BB1","A4B3ADA3A1D3D182",32.900001525878906,1011.53515625,47.900001525878906,21.800010681152344,22,"CW-MX-001"
2019-11-14T00:00:00.0000000,2019-11-14T10:56:09.5925578Z,0,2019-11-14T10:46:29.2470000Z,"WeatherStation","64343BB1","C5498B26FC941E81",33,1011.529541015625,47.799999237060547,21.800010681152344,22,"CW-MX-001"
2019-11-14T00:00:00.0000000,2019-11-14T10:56:09.5925578Z,0,2019-11-14T10:46:34.6090000Z,"WeatherStation","64343BB1","C5498B26FC941E81",33,1011.50927734375,48.099998474121094,21.800010681152344,22,"CW-MX-001"
2019-11-14T00:00:00.0000000,2019-11-14T10:56:09.5925578Z,0,2019-11-14T10:46:39.9880000Z,"WeatherStation","64343BB1","C5498B26FC941E81",33,1011.530517578125,48.299999237060547,21.800010681152344,22,"CW-MX-001"
2019-11-14T00:00:00.0000000,2019-11-14T10:56:09.5925578Z,0,2019-11-14T10:46:45.5090000Z,"WeatherStation","64343BB1","AFE0FB81F9434B29",32.900001525878906,1011.4755859375,48.599998474121094,21.800010681152344,23,"CW-MX-001"
2019-11-14T00:00:00.0000000,2019-11-14T10:56:09.5925578Z,0,2019-11-14T10:46:50.8860000Z,"WeatherStation","64343BB1","A4B3ADA3A1D3D182",32.900001525878906,1011.506591796875,48.200000762939453,21.800010681152344,22,"CW-MX-001"
2019-11-14T00:00:00.0000000,2019-11-14T10:56:09.5925578Z,0,2019-11-14T10:46:56.3730000Z,"WeatherStation","64343BB1","C5498B26FC941E81",33,1011.547607421875,48.5,21.800010681152344,22,"CW-MX-001"
2019-11-14T00:00:00.0000000,2019-11-14T10:56:09.5925578Z,0,2019-11-14T10:47:01.8600000Z,"WeatherStation","64343BB1","C5498B26FC941E81",33,1011.520751953125,48.900001525878906,21.800010681152344,22,"CW-MX-001"
2019-11-14T00:00:00.0000000,2019-11-14T10:56:09.5925578Z,0,2019-11-14T10:47:07.0640000Z,"WeatherStation","64343BB1","C5498B26FC941E81",33,1011.541748046875,48.700000762939453,21.800010681152344,22,"CW-MX-001"
2019-11-14T00:00:00.0000000,2019-11-14T10:56:09.5925578Z,0,2019-11-14T10:47:12.5020000Z,"WeatherStation","64343BB1","C5498B26FC941E81",33,1011.5283203125,49,21.800010681152344,22,"CW-MX-001"
2019-11-14T00:00:00.0000000,2019-11-14T10:56:09.5925578Z,0,2019-11-14T10:47:18.0810000Z,"WeatherStation","64343BB1","C5498B26FC941E81",33,1011.534912109375,49.099998474121094,21.800010681152344,22,"CW-MX-001"
2019-11-14T00:00:00.0000000,2019-11-14T10:56:09.5925578Z,0,2019-11-14T10:47:23.4270000Z,"WeatherStation","64343BB1","77DF32E4A10A5A5D",33,1011.532470703125,48.900001525878906,21.800010681152344,21,"CW-MX-001"
2019-11-14T00:00:00.0000000,2019-11-14T10:56:09.5925578Z,0,2019-11-14T10:47:28.8040000Z,"WeatherStation","64343BB1","C5498B26FC941E81",33,1011.53759765625,48.5,21.800010681152344,22,"CW-MX-001"
2019-11-14T00:00:00.0000000,2019-11-14T10:56:09.5925578Z,0,2019-11-14T10:47:34.2300000Z,"WeatherStation","64343BB1","24A8482D720AB9C7",33.099998474121094,1011.56005859375,48.299999237060547,21.800010681152344,24,"CW-MX-001"
2019-11-14T00:00:00.0000000,2019-11-14T10:56:09.5925578Z,0,2019-11-14T10:47:39.7800000Z,"WeatherStation","64343BB1","FFAED6CBFF4C06D4",33.099998474121094,1011.567626953125,48.400001525878906,21.800010681152344,22,"CW-MX-001"
2019-11-14T00:00:00.0000000,2019-11-14T10:56:09.5925578Z,0,2019-11-14T10:47:45.2190000Z,"WeatherStation","64343BB1","C5498B26FC941E81",33,1011.52880859375,48.700000762939453,21.800010681152344,22,"CW-MX-001"
2019-11-14T00:00:00.0000000,2019-11-14T10:56:09.5925578Z,0,2019-11-14T10:47:50.6430000Z,"WeatherStation","64343BB1","A4B3ADA3A1D3D182",32.900001525878906,1011.52490234375,49.400001525878906,21.800010681152344,22,"CW-MX-001"
2019-11-14T00:00:00.0000000,2019-11-14T10:56:09.5925578Z,0,2019-11-14T10:47:55.9630000Z,"WeatherStation","64343BB1","77DF32E4A10A5A5D",33,1011.53857421875,50,21.800010681152344,21,"CW-MX-001"
2019-11-14T00:00:00.0000000,2019-11-14T10:56:09.5925578Z,0,2019-11-14T10:48:01.5430000Z,"WeatherStation","64343BB1","FFAED6CBFF4C06D4",33.099998474121094,1011.546142578125,49.400001525878906,21.800010681152344,22,"CW-MX-001"
2019-11-14T00:00:00.0000000,2019-11-14T10:56:09.5935587Z,0,2019-11-14T10:48:06.8730000Z,"WeatherStation","64343BB1","FFAED6CBFF4C06D4",33.099998474121094,1011.539306640625,49,21.800010681152344,22,"CW-MX-001"
2019-11-14T00:00:00.0000000,2019-11-14T10:56:09.5935587Z,0,2019-11-14T10:48:12.2320000Z,"WeatherStation","64343BB1","77DF32E4A10A5A5D",33,1011.571044921875,49,21.800010681152344,21,"CW-MX-001"
2019-11-14T00:00:00.0000000,2019-11-14T10:56:09.5935587Z,0,2019-11-14T10:48:17.6720000Z,"WeatherStation","64343BB1","C5498B26FC941E81",33,1011.560546875,49.5,21.800010681152344,22,"CW-MX-001"
2019-11-14T00:00:00.0000000,2019-11-14T10:56:09.5935587Z,0,2019-11-14T10:48:23.0790000Z,"WeatherStation","64343BB1","FFAED6CBFF4C06D4",33.099998474121094,1011.55517578125,49.799999237060547,21.800010681152344,22,"CW-MX-001"
2019-11-14T00:00:00.0000000,2019-11-14T10:56:09.5935587Z,0,2019-11-14T10:48:28.6100000Z,"WeatherStation","64343BB1","FFAED6CBFF4C06D4",33.099998474121094,1011.540771484375,49.700000762939453,21.800010681152344,22,"CW-MX-001"
2019-11-14T00:00:00.0000000,2019-11-14T10:56:09.5935587Z,0,2019-11-14T10:48:34.1910000Z,"WeatherStation","64343BB1","565A7F5790581EBE",33.099998474121094,1011.545166015625,49.799999237060547,21.800010681152344,21,"CW-MX-001"
2019-11-14T00:00:00.0000000,2019-11-14T10:56:09.5935587Z,0,2019-11-14T10:48:39.5690000Z,"WeatherStation","64343BB1","5309CF6845189170",33.099998474121094,1011.5712890625,49.599998474121094,21.800010681152344,23,"CW-MX-001"
2019-11-14T00:00:00.0000000,2019-11-14T10:56:09.5935587Z,0,2019-11-14T10:48:45.0760000Z,"WeatherStation","64343BB1","8D3D05F83CBFB345",33.200000762939453,1011.529052734375,49.099998474121094,21.800010681152344,21,"CW-MX-001"
2019-11-14T00:00:00.0000000,2019-11-14T10:56:09.5935587Z,0,2019-11-14T10:48:50.5460000Z,"WeatherStation","64343BB1","C9BEA77AE884EB31",33.200000762939453,1011.5107421875,48.700000762939453,21.800010681152344,22,"CW-MX-001"
2019-11-14T00:00:00.0000000,2019-11-14T10:56:09.5935587Z,0,2019-11-14T10:48:56.0790000Z,"WeatherStation","64343BB1","8D3D05F83CBFB345",33.200000762939453,1011.552001953125,48.700000762939453,21.800010681152344,21,"CW-MX-001"
2019-11-14T00:00:00.0000000,2019-11-14T10:56:09.5935587Z,0,2019-11-14T10:49:01.3780000Z,"WeatherStation","64343BB1","C9BEA77AE884EB31",33.200000762939453,1011.51416015625,48.599998474121094,21.800010681152344,22,"CW-MX-001"
2019-11-14T00:00:00.0000000,2019-11-14T10:56:09.5935587Z,0,2019-11-14T10:49:06.7380000Z,"WeatherStation","64343BB1","6117916BABC09187",33.200000762939453,1011.53662109375,48.599998474121094,21.800010681152344,23,"CW-MX-001"
2019-11-14T00:00:00.0000000,2019-11-14T10:56:09.5935587Z,0,2019-11-14T10:49:12.1320000Z,"WeatherStation","64343BB1","C9BEA77AE884EB31",33.200000762939453,1011.540771484375,48.799999237060547,21.800010681152344,22,"CW-MX-001"
2019-11-14T00:00:00.0000000,2019-11-14T10:56:09.5935587Z,0,2019-11-14T10:49:17.6490000Z,"WeatherStation","64343BB1","C9BEA77AE884EB31",33.200000762939453,1011.540283203125,48.599998474121094,21.800010681152344,22,"CW-MX-001"
2019-11-14T00:00:00.0000000,2019-11-14T10:56:09.5935587Z,0,2019-11-14T10:49:23.0260000Z,"WeatherStation","64343BB1","C9BEA77AE884EB31",33.200000762939453,1011.61474609375,48.5,21.800010681152344,22,"CW-MX-001"
2019-11-14T00:00:00.0000000,2019-11-14T10:56:09.5935587Z,0,2019-11-14T10:49:28.6360000Z,"WeatherStation","64343BB1","AFA1057DAEA410E4",33.299999237060547,1011.520263671875,48.400001525878906,21.800010681152344,22,"CW-MX-001"
2019-11-14T00:00:00.0000000,2019-11-14T10:56:09.5935587Z,0,2019-11-14T10:49:33.9520000Z,"WeatherStation","64343BB1","AFA1057DAEA410E4",33.299999237060547,1011.570556640625,48.200000762939453,21.800010681152344,22,"CW-MX-001"
2019-11-14T00:00:00.0000000,2019-11-14T10:56:09.5935587Z,0,2019-11-14T10:49:39.4720000Z,"WeatherStation","64343BB1","AFA1057DAEA410E4",33.299999237060547,1011.56689453125,47.900001525878906,21.800010681152344,22,"CW-MX-001"
2019-11-14T00:00:00.0000000,2019-11-14T10:56:09.5935587Z,0,2019-11-14T10:49:45.0200000Z,"WeatherStation","64343BB1","6117916BABC09187",33.200000762939453,1011.5380859375,48,21.800010681152344,23,"CW-MX-001"
2019-11-14T00:00:00.0000000,2019-11-14T10:56:09.5935587Z,0,2019-11-14T10:49:50.3170000Z,"WeatherStation","64343BB1","A8467BA42AED382F",33.299999237060547,1011.545166015625,48,21.800010681152344,21,"CW-MX-001"
2019-11-14T00:00:00.0000000,2019-11-14T10:56:09.5935587Z,0,2019-11-14T10:49:55.8960000Z,"WeatherStation","64343BB1","6117916BABC09187",33.200000762939453,1011.5703125,48,21.800010681152344,23,"CW-MX-001"
2019-11-14T00:00:00.0000000,2019-11-14T10:56:09.5935587Z,0,2019-11-14T10:50:01.2110000Z,"WeatherStation","64343BB1","C9BEA77AE884EB31",33.200000762939453,1011.598388671875,48,21.800010681152344,22,"CW-MX-001"
2019-11-14T00:00:00.0000000,2019-11-14T10:56:09.5935587Z,0,2019-11-14T10:50:06.6950000Z,"WeatherStation","64343BB1","8D3D05F83CBFB345",33.200000762939453,1011.56201171875,47.900001525878906,21.800010681152344,21,"CW-MX-001"
2019-11-14T00:00:00.0000000,2019-11-14T10:56:09.5935587Z,0,2019-11-14T10:50:12.2420000Z,"WeatherStation","64343BB1","C9BEA77AE884EB31",33.200000762939453,1011.56787109375,48,21.800010681152344,22,"CW-MX-001"
2019-11-14T00:00:00.0000000,2019-11-14T10:56:09.5935587Z,0,2019-11-14T10:50:17.5720000Z,"WeatherStation","64343BB1","AFA1057DAEA410E4",33.299999237060547,1011.54345703125,48.400001525878906,21.800010681152344,22,"CW-MX-001"
2019-11-14T00:00:00.0000000,2019-11-14T10:56:09.5945586Z,0,2019-11-14T10:50:23.0880000Z,"WeatherStation","64343BB1","AFA1057DAEA410E4",33.299999237060547,1011.560546875,48.200000762939453,21.800010681152344,22,"CW-MX-001"
2019-11-14T00:00:00.0000000,2019-11-14T10:56:09.5945586Z,0,2019-11-14T10:50:28.4520000Z,"WeatherStation","64343BB1","8D3D05F83CBFB345",33.200000762939453,1011.592041015625,48.299999237060547,21.800010681152344,21,"CW-MX-001"
2019-11-14T00:00:00.0000000,2019-11-14T10:56:09.5945586Z,0,2019-11-14T10:50:33.9710000Z,"WeatherStation","64343BB1","C9BEA77AE884EB31",33.200000762939453,1011.592041015625,48.299999237060547,21.800010681152344,22,"CW-MX-001"
2019-11-14T00:00:00.0000000,2019-11-14T10:56:09.5945586Z,0,2019-11-14T10:50:39.3160000Z,"WeatherStation","64343BB1","AA3E40DA1FE4B86A",33.200000762939453,1011.567626953125,48.400001525878906,21.800010681152344,24,"CW-MX-001"
2019-11-14T00:00:00.0000000,2019-11-14T10:56:09.5945586Z,0,2019-11-14T10:50:44.6760000Z,"WeatherStation","64343BB1","C9BEA77AE884EB31",33.200000762939453,1011.53466796875,49,21.800010681152344,22,"CW-MX-001"
2019-11-14T00:00:00.0000000,2019-11-14T10:56:09.5945586Z,0,2019-11-14T10:50:50.0660000Z,"WeatherStation","64343BB1","AFA1057DAEA410E4",33.299999237060547,1011.577392578125,49.099998474121094,21.800010681152344,22,"CW-MX-001"
2019-11-14T00:00:00.0000000,2019-11-14T10:56:09.5945586Z,0,2019-11-14T10:50:55.5980000Z,"WeatherStation","64343BB1","8D3D05F83CBFB345",33.200000762939453,1011.547119140625,48.799999237060547,21.800010681152344,21,"CW-MX-001"
2019-11-14T00:00:00.0000000,2019-11-14T10:56:09.5945586Z,0,2019-11-14T10:51:01.0200000Z,"WeatherStation","64343BB1","6117916BABC09187",33.200000762939453,1011.512451171875,48,21.800010681152344,23,"CW-MX-001"
2019-11-14T00:00:00.0000000,2019-11-14T10:56:09.5945586Z,0,2019-11-14T10:51:06.2410000Z,"WeatherStation","64343BB1","AA3E40DA1FE4B86A",33.200000762939453,1011.5302734375,48.099998474121094,21.800010681152344,24,"CW-MX-001"
2019-11-14T00:00:00.0000000,2019-11-14T10:56:09.5945586Z,0,2019-11-14T10:51:11.8230000Z,"WeatherStation","64343BB1","6117916BABC09187",33.200000762939453,1011.584716796875,48.200000762939453,21.800010681152344,23,"CW-MX-001"
2019-11-14T00:00:00.0000000,2019-11-14T10:56:09.5945586Z,0,2019-11-14T10:51:17.2450000Z,"WeatherStation","64343BB1","C9BEA77AE884EB31",33.200000762939453,1011.594482421875,48.299999237060547,21.800010681152344,22,"CW-MX-001"
2019-11-14T00:00:00.0000000,2019-11-14T10:56:09.5945586Z,0,2019-11-14T10:51:22.5910000Z,"WeatherStation","64343BB1","6117916BABC09187",33.200000762939453,1011.56689453125,48,21.800010681152344,23,"CW-MX-001"
2019-11-14T00:00:00.0000000,2019-11-14T10:56:09.5945586Z,0,2019-11-14T10:51:28.1220000Z,"WeatherStation","64343BB1","DE23EC6FF89F93DC",33.299999237060547,1011.580322265625,47.900001525878906,17.999996185302734,16,"CW-MX-001"
2019-11-14T00:00:00.0000000,2019-11-14T10:56:09.5945586Z,0,2019-11-14T10:51:33.4840000Z,"WeatherStation","64343BB1","ACE2792AA4E7187B",33.299999237060547,1011.567626953125,48.099998474121094,12.199993133544922,20,"CW-MX-001"
2019-11-14T00:00:00.0000000,2019-11-14T10:56:09.5945586Z,0,2019-11-14T10:51:39.0830000Z,"WeatherStation","64343BB1","B849EC63A8D992CD",33.299999237060547,1011.572265625,48.5,11.399993896484375,18,"CW-MX-001"
2019-11-14T00:00:00.0000000,2019-11-14T10:56:09.5945586Z,0,2019-11-14T10:51:44.5060000Z,"WeatherStation","64343BB1","177C087FF0161EF9",33.400001525878906,1011.572998046875,48.799999237060547,4.8000001907348633,16,"CW-MX-001"
2019-11-14T00:00:00.0000000,2019-11-14T10:56:09.5945586Z,0,2019-11-14T10:51:49.8840000Z,"WeatherStation","64343BB1","30CCE83001977D15",33.400001525878906,1011.57861328125,49.5,4.0000009536743164,13,"CW-MX-001"
2019-11-14T00:00:00.0000000,2019-11-14T10:56:09.5945586Z,0,2019-11-14T10:51:55.2780000Z,"WeatherStation","64343BB1","EA5A32693B431B4C",33.400001525878906,1011.523681640625,49.400001525878906,4.0000009536743164,9,"CW-MX-001"
2019-11-14T00:00:00.0000000,2019-11-14T10:56:09.5945586Z,0,2019-11-14T10:52:00.6690000Z,"WeatherStation","64343BB1","F8A61C00084CB5B5",33.400001525878906,1011.5615234375,49.099998474121094,4.0000009536743164,10,"CW-MX-001"
2019-11-14T00:00:00.0000000,2019-11-14T10:56:09.5945586Z,0,2019-11-14T10:52:06.2680000Z,"WeatherStation","64343BB1","F8A61C00084CB5B5",33.400001525878906,1011.568115234375,49,4.0000009536743164,10,"CW-MX-001"
2019-11-14T00:00:00.0000000,2019-11-14T10:56:09.5945586Z,0,2019-11-14T10:52:11.6580000Z,"WeatherStation","64343BB1","F8A61C00084CB5B5",33.400001525878906,1011.58154296875,48.5,4.0000009536743164,10,"CW-MX-001"
2019-11-14T00:00:00.0000000,2019-11-14T10:56:09.5945586Z,0,2019-11-14T10:52:17.0670000Z,"WeatherStation","64343BB1","F8A61C00084CB5B5",33.400001525878906,1011.547119140625,48.299999237060547,4.0000009536743164,10,"CW-MX-001"
2019-11-14T00:00:00.0000000,2019-11-14T10:56:09.5945586Z,0,2019-11-14T10:52:22.4740000Z,"WeatherStation","64343BB1","F8A61C00084CB5B5",33.400001525878906,1011.54638671875,48,4.0000009536743164,10,"CW-MX-001"
2019-11-14T00:00:00.0000000,2019-11-14T10:56:09.5945586Z,0,2019-11-14T10:52:28.0730000Z,"WeatherStation","64343BB1","F8A61C00084CB5B5",33.400001525878906,1011.521728515625,48.5,4.0000009536743164,10,"CW-MX-001"
2019-11-14T00:00:00.0000000,2019-11-14T10:56:09.5945586Z,0,2019-11-14T10:52:33.4810000Z,"WeatherStation","64343BB1","845C366D656905DD",33.400001525878906,1011.594970703125,48.299999237060547,4.0000009536743164,11,"CW-MX-001"
2019-11-14T00:00:00.0000000,2019-11-14T10:56:09.5945586Z,0,2019-11-14T10:52:38.7800000Z,"WeatherStation","64343BB1","845C366D656905DD",33.400001525878906,1011.57177734375,48.099998474121094,4.0000009536743164,11,"CW-MX-001"
2019-11-14T00:00:00.0000000,2019-11-14T10:56:09.5955571Z,0,2019-11-14T10:52:44.1900000Z,"WeatherStation","64343BB1","F8A61C00084CB5B5",33.400001525878906,1011.5341796875,48.400001525878906,4.0000009536743164,10,"CW-MX-001"
2019-11-14T00:00:00.0000000,2019-11-14T10:56:09.5955571Z,0,2019-11-14T10:52:49.6910000Z,"WeatherStation","64343BB1","785D9C442393DCD4",33.400001525878906,1011.501953125,48,4.0000009536743164,12,"CW-MX-001"
2019-11-14T00:00:00.0000000,2019-11-14T10:56:09.5955571Z,0,2019-11-14T10:52:55.0520000Z,"WeatherStation","64343BB1","B096D5EE69AF0F69",33.299999237060547,1011.526611328125,47.5,4.0000009536743164,11,"CW-MX-001"
2019-11-14T00:00:00.0000000,2019-11-14T10:56:09.5955571Z,0,2019-11-14T10:53:00.5550000Z,"WeatherStation","64343BB1","B096D5EE69AF0F69",33.299999237060547,1011.5625,47.200000762939453,4.0000009536743164,11,"CW-MX-001"
2019-11-14T00:00:00.0000000,2019-11-14T10:56:09.5955571Z,0,2019-11-14T10:53:07.5260000Z,"WeatherStation","64343BB1","870BD6C99198FE0D",33.299999237060547,1011.5283203125,47.200000762939453,4.0000009536743164,10,"CW-MX-001"
2019-11-14T00:00:00.0000000,2019-11-14T10:56:09.5955571Z,0,2019-11-14T10:53:12.8570000Z,"WeatherStation","64343BB1","B40928B5A161D5E8",33.299999237060547,1011.5498046875,47.5,4.0000009536743164,12,"CW-MX-001"
2019-11-14T00:00:00.0000000,2019-11-14T10:56:09.5955571Z,0,2019-11-14T10:53:18.2680000Z,"WeatherStation","64343BB1","70F8C272DEED6D9C",33.200000762939453,1011.537353515625,47.599998474121094,4.0000009536743164,11,"CW-MX-001"
2019-11-14T00:00:00.0000000,2019-11-14T10:56:09.5955571Z,0,2019-11-14T10:53:23.8020000Z,"WeatherStation","64343BB1","B096D5EE69AF0F69",33.299999237060547,1011.546875,48.299999237060547,4.0000009536743164,11,"CW-MX-001"
2019-11-14T00:00:00.0000000,2019-11-14T10:56:09.5955571Z,0,2019-11-14T10:53:29.1490000Z,"WeatherStation","64343BB1","70F8C272DEED6D9C",33.200000762939453,1011.525146484375,48.299999237060547,4.0000009536743164,11,"CW-MX-001"
2019-11-14T00:00:00.0000000,2019-11-14T10:56:09.5955571Z,0,2019-11-14T10:53:34.6680000Z,"WeatherStation","64343BB1","70F8C272DEED6D9C",33.200000762939453,1011.5517578125,48.400001525878906,4.0000009536743164,11,"CW-MX-001"
2019-11-14T00:00:00.0000000,2019-11-14T10:56:09.5955571Z,0,2019-11-14T10:53:40.1720000Z,"WeatherStation","64343BB1","870BD6C99198FE0D",33.299999237060547,1011.5859375,47.799999237060547,4.0000009536743164,10,"CW-MX-001"
2019-11-14T00:00:00.0000000,2019-11-14T10:56:09.5955571Z,0,2019-11-14T10:53:45.5640000Z,"WeatherStation","64343BB1","B096D5EE69AF0F69",33.299999237060547,1011.56201171875,47.400001525878906,4.0000009536743164,11,"CW-MX-001"
2019-11-14T00:00:00.0000000,2019-11-14T10:56:09.5955571Z,0,2019-11-14T10:53:51.0020000Z,"WeatherStation","64343BB1","B096D5EE69AF0F69",33.299999237060547,1011.609130859375,47.299999237060547,4.0000009536743164,11,"CW-MX-001"
2019-11-14T00:00:00.0000000,2019-11-14T10:56:09.5955571Z,0,2019-11-14T10:53:56.3460000Z,"WeatherStation","64343BB1","B40928B5A161D5E8",33.299999237060547,1011.566162109375,47.299999237060547,4.0000009536743164,12,"CW-MX-001"
2019-11-14T00:00:00.0000000,2019-11-14T10:56:09.5955571Z,0,2019-11-14T10:54:01.9400000Z,"WeatherStation","64343BB1","870BD6C99198FE0D",33.299999237060547,1011.5927734375,47.799999237060547,4.0000009536743164,10,"CW-MX-001"
2019-11-14T00:00:00.0000000,2019-11-14T10:56:09.5955571Z,0,2019-11-14T10:54:07.3340000Z,"WeatherStation","64343BB1","B096D5EE69AF0F69",33.299999237060547,1011.619384765625,47.900001525878906,4.0000009536743164,11,"CW-MX-001"
2019-11-14T00:00:00.0000000,2019-11-14T10:56:09.5955571Z,0,2019-11-14T10:54:12.7410000Z,"WeatherStation","64343BB1","845C366D656905DD",33.400001525878906,1011.516845703125,48.200000762939453,4.0000009536743164,11,"CW-MX-001"
2019-11-14T00:00:00.0000000,2019-11-14T10:56:09.5955571Z,0,2019-11-14T10:54:18.2730000Z,"WeatherStation","64343BB1","F8A61C00084CB5B5",33.400001525878906,1011.53369140625,47.799999237060547,4.0000009536743164,10,"CW-MX-001"
2019-11-14T00:00:00.0000000,2019-11-14T10:56:09.5955571Z,0,2019-11-14T10:54:23.5870000Z,"WeatherStation","64343BB1","49C7F5D2D26A619D",33.299999237060547,1011.569580078125,47.700000762939453,4.0000009536743164,9,"CW-MX-001"
2019-11-14T00:00:00.0000000,2019-11-14T10:56:09.5955571Z,0,2019-11-14T10:54:29.0890000Z,"WeatherStation","64343BB1","870BD6C99198FE0D",33.299999237060547,1011.548828125,47.299999237060547,4.0000009536743164,10,"CW-MX-001"
2019-11-14T00:00:00.0000000,2019-11-14T10:56:09.5955571Z,0,2019-11-14T10:54:34.6990000Z,"WeatherStation","64343BB1","870BD6C99198FE0D",33.299999237060547,1011.53271484375,47.299999237060547,4.0000009536743164,10,"CW-MX-001"
2019-11-14T00:00:00.0000000,2019-11-14T10:56:09.5955571Z,0,2019-11-14T10:54:40.0130000Z,"WeatherStation","64343BB1","B8055A4109D0CA1D",33.200000762939453,1011.54248046875,46.900001525878906,4.0000009536743164,12,"CW-MX-001"
2019-11-14T00:00:00.0000000,2019-11-14T10:56:09.5955571Z,0,2019-11-14T10:54:45.3100000Z,"WeatherStation","64343BB1","870BD6C99198FE0D",33.299999237060547,1011.583251953125,46.799999237060547,4.0000009536743164,10,"CW-MX-001"
2019-11-14T00:00:00.0000000,2019-11-14T10:56:09.5955571Z,0,2019-11-14T10:54:50.8280000Z,"WeatherStation","64343BB1","B096D5EE69AF0F69",33.299999237060547,1011.553466796875,46.900001525878906,4.0000009536743164,11,"CW-MX-001"
2019-11-14T00:00:00.0000000,2019-11-14T10:56:09.5955571Z,0,2019-11-14T10:54:56.3300000Z,"WeatherStation","64343BB1","B096D5EE69AF0F69",33.299999237060547,1011.532470703125,47.200000762939453,4.0000009536743164,11,"CW-MX-001"
2019-11-14T00:00:00.0000000,2019-11-14T10:56:09.5965570Z,0,2019-11-14T10:55:01.8500000Z,"WeatherStation","64343BB1","B40928B5A161D5E8",33.299999237060547,1011.55712890625,47.200000762939453,4.0000009536743164,12,"CW-MX-001"
2019-11-14T00:00:00.0000000,2019-11-14T10:56:09.5965570Z,0,2019-11-14T10:55:07.3670000Z,"WeatherStation","64343BB1","870BD6C99198FE0D",33.299999237060547,1011.53857421875,47.099998474121094,4.0000009536743164,10,"CW-MX-001"
2019-11-14T00:00:00.0000000,2019-11-14T10:56:09.5965570Z,0,2019-11-14T10:55:12.6680000Z,"WeatherStation","64343BB1","845C366D656905DD",33.400001525878906,1011.5712890625,46.900001525878906,4.0000009536743164,11,"CW-MX-001"
2019-11-14T00:00:00.0000000,2019-11-14T10:56:09.5965570Z,0,2019-11-14T10:55:18.1860000Z,"WeatherStation","64343BB1","845C366D656905DD",33.400001525878906,1011.524169921875,46.799999237060547,4.0000009536743164,11,"CW-MX-001"
2019-11-14T00:00:00.0000000,2019-11-14T10:56:09.5965570Z,0,2019-11-14T10:55:23.4990000Z,"WeatherStation","64343BB1","870BD6C99198FE0D",33.299999237060547,1011.551513671875,46.599998474121094,4.0000009536743164,10,"CW-MX-001"
2019-11-14T00:00:00.0000000,2019-11-14T10:56:09.5965570Z,0,2019-11-14T10:55:29.0170000Z,"WeatherStation","64343BB1","870BD6C99198FE0D",33.299999237060547,1011.6044921875,46.700000762939453,4.0000009536743164,10,"CW-MX-001"
2019-11-14T00:00:00.0000000,2019-11-14T10:56:09.5965570Z,0,2019-11-14T10:55:34.3360000Z,"WeatherStation","64343BB1","B096D5EE69AF0F69",33.299999237060547,1011.54541015625,46.799999237060547,4.0000009536743164,11,"CW-MX-001"
2019-11-14T00:00:00.0000000,2019-11-14T10:56:09.5965570Z,0,2019-11-14T10:55:39.8560000Z,"WeatherStation","64343BB1","B096D5EE69AF0F69",33.299999237060547,1011.56640625,46.700000762939453,4.0000009536743164,11,"CW-MX-001"
2019-11-14T00:00:00.0000000,2019-11-14T10:56:09.5965570Z,0,2019-11-14T10:55:45.3880000Z,"WeatherStation","64343BB1","B096D5EE69AF0F69",33.299999237060547,1011.54248046875,46.299999237060547,4.0000009536743164,11,"CW-MX-001"
2019-11-14T00:00:00.0000000,2019-11-14T10:56:09.5965570Z,0,2019-11-14T10:55:50.7040000Z,"WeatherStation","64343BB1","B096D5EE69AF0F69",33.299999237060547,1011.581298828125,46.5,4.0000009536743164,11,"CW-MX-001"
2019-11-14T00:00:00.0000000,2019-11-14T10:56:09.5965570Z,0,2019-11-14T10:55:56.2210000Z,"WeatherStation","64343BB1","B096D5EE69AF0F69",33.299999237060547,1011.565673828125,46.099998474121094,4.0000009536743164,11,"CW-MX-001"
2019-11-14T00:00:00.0000000,2019-11-14T10:56:09.5965570Z,0,2019-11-14T10:56:01.7240000Z,"WeatherStation","64343BB1","B096D5EE69AF0F69",33.299999237060547,1011.56201171875,46.099998474121094,4.0000009536743164,11,"CW-MX-001"
2019-11-14T00:00:00.0000000,2019-11-14T10:56:09.5965570Z,0,2019-11-14T10:56:07.0530000Z,"WeatherStation","64343BB1","B096D5EE69AF0F69",33.299999237060547,1011.529541015625,46.400001525878906,4.0000009536743164,11,"CW-MX-001"
2019-11-14T00:00:00.0000000,2019-11-14T10:56:12.7265802Z,0,2019-11-14T10:56:12.6030000Z,"WeatherStation","64343BB1","F8A61C00084CB5B5",33.400001525878906,1011.564208984375,46.700000762939453,4.0000009536743164,10,"CW-MX-001"
2019-11-14T00:00:00.0000000,2019-11-14T10:56:18.0056015Z,0,2019-11-14T10:56:17.9480000Z,"WeatherStation","64343BB1","870BD6C99198FE0D",33.299999237060547,1011.57763671875,47.200000762939453,4.0000009536743164,10,"CW-MX-001"
2019-11-14T00:00:00.0000000,2019-11-14T10:56:23.6126067Z,0,2019-11-14T10:56:23.5140000Z,"WeatherStation","64343BB1","B096D5EE69AF0F69",33.299999237060547,1011.57763671875,47.099998474121094,4.0000009536743164,11,"CW-MX-001"
2019-11-14T00:00:00.0000000,2019-11-14T10:56:28.8946326Z,0,2019-11-14T10:56:28.8280000Z,"WeatherStation","64343BB1","B096D5EE69AF0F69",33.299999237060547,1011.5849609375,47,4.0000009536743164,11,"CW-MX-001"
2019-11-14T00:00:00.0000000,2019-11-14T10:56:34.4826708Z,0,2019-11-14T10:56:34.3450000Z,"WeatherStation","64343BB1","B096D5EE69AF0F69",33.299999237060547,1011.555419921875,46.900001525878906,4.0000009536743164,11,"CW-MX-001"
2019-11-14T00:00:00.0000000,2019-11-14T10:56:39.8679012Z,0,2019-11-14T10:56:39.8030000Z,"WeatherStation","64343BB1","B40928B5A161D5E8",33.299999237060547,1011.540771484375,46.599998474121094,4.0000009536743164,12,"CW-MX-001"
2019-11-14T00:00:00.0000000,2019-11-14T10:56:45.1427331Z,0,2019-11-14T10:56:45.1360000Z,"WeatherStation","64343BB1","870BD6C99198FE0D",33.299999237060547,1011.58251953125,46.400001525878906,4.0000009536743164,10,"CW-MX-001"
2019-11-14T00:00:00.0000000,2019-11-14T10:56:50.7297764Z,0,2019-11-14T10:56:50.6230000Z,"WeatherStation","64343BB1","870BD6C99198FE0D",33.299999237060547,1011.607666015625,46.299999237060547,4.0000009536743164,10,"CW-MX-001"
2019-11-14T00:00:00.0000000,2019-11-14T10:56:56.1178018Z,0,2019-11-14T10:56:56.0930000Z,"WeatherStation","64343BB1","870BD6C99198FE0D",33.299999237060547,1011.543701171875,46.400001525878906,4.0000009536743164,10,"CW-MX-001"
2019-11-14T00:00:00.0000000,2019-11-14T10:57:01.7115625Z,0,2019-11-14T10:57:01.5950000Z,"WeatherStation","64343BB1","B40928B5A161D5E8",33.299999237060547,1011.57373046875,46.200000762939453,4.0000009536743164,12,"CW-MX-001"
2019-11-14T00:00:00.0000000,2019-11-14T10:57:06.9872569Z,0,2019-11-14T10:57:06.8930000Z,"WeatherStation","64343BB1","B096D5EE69AF0F69",33.299999237060547,1011.566650390625,46.599998474121094,4.0000009536743164,11,"CW-MX-001"
2019-11-14T00:00:00.0000000,2019-11-14T10:57:12.4690134Z,0,2019-11-14T10:57:12.4100000Z,"WeatherStation","64343BB1","B096D5EE69AF0F69",33.299999237060547,1011.59912109375,46.599998474121094,4.0000009536743164,11,"CW-MX-001"
2019-11-14T00:00:00.0000000,2019-11-14T10:57:17.9562051Z,0,2019-11-14T10:57:17.9270000Z,"WeatherStation","64343BB1","B096D5EE69AF0F69",33.299999237060547,1011.56640625,46.599998474121094,4.0000009536743164,11,"CW-MX-001"
2019-11-14T00:00:00.0000000,2019-11-14T10:57:23.5414238Z,0,2019-11-14T10:57:23.4440000Z,"WeatherStation","64343BB1","F8A61C00084CB5B5",33.400001525878906,1011.59521484375,46.900001525878906,4.0000009536743164,10,"CW-MX-001"
2019-11-14T00:00:00.0000000,2019-11-14T10:57:28.8265040Z,0,2019-11-14T10:57:28.7900000Z,"WeatherStation","64343BB1","F8A61C00084CB5B5",33.400001525878906,1011.60302734375,46.900001525878906,4.0000009536743164,10,"CW-MX-001"
2019-11-14T00:00:00.0000000,2019-11-14T10:57:34.2066375Z,0,2019-11-14T10:57:34.1500000Z,"WeatherStation","64343BB1","870BD6C99198FE0D",33.299999237060547,1011.543212890625,46.599998474121094,4.0000009536743164,10,"CW-MX-001"
2019-11-14T00:00:00.0000000,2019-11-14T10:57:39.7912784Z,0,2019-11-14T10:57:39.6830000Z,"WeatherStation","64343BB1","870BD6C99198FE0D",33.299999237060547,1011.617919921875,46.400001525878906,4.0000009536743164,10,"CW-MX-001"
2019-11-14T00:00:00.0000000,2019-11-14T10:57:45.0684165Z,0,2019-11-14T10:57:44.9990000Z,"WeatherStation","64343BB1","845C366D656905DD",33.400001525878906,1011.5341796875,46.299999237060547,4.0000009536743164,11,"CW-MX-001"
2019-11-14T00:00:00.0000000,2019-11-14T10:57:50.5674771Z,0,2019-11-14T10:57:50.5180000Z,"WeatherStation","64343BB1","F8A61C00084CB5B5",33.400001525878906,1011.557861328125,46.200000762939453,4.0000009536743164,10,"CW-MX-001"
2019-11-14T00:00:00.0000000,2019-11-14T10:57:56.0484982Z,0,2019-11-14T10:57:56.0200000Z,"WeatherStation","64343BB1","B096D5EE69AF0F69",33.299999237060547,1011.573974609375,46.900001525878906,4.0000009536743164,11,"CW-MX-001"
2019-11-14T00:00:00.0000000,2019-11-14T10:58:01.6355574Z,0,2019-11-14T10:58:01.5370000Z,"WeatherStation","64343BB1","870BD6C99198FE0D",33.299999237060547,1011.567138671875,46.900001525878906,4.0000009536743164,10,"CW-MX-001"
2019-11-14T00:00:00.0000000,2019-11-14T10:58:07.0186017Z,0,2019-11-14T10:58:06.9130000Z,"WeatherStation","64343BB1","845C366D656905DD",33.400001525878906,1011.5703125,47.099998474121094,4.0000009536743164,11,"CW-MX-001"
2019-11-14T00:00:00.0000000,2019-11-14T10:58:12.2986787Z,0,2019-11-14T10:58:12.2570000Z,"WeatherStation","64343BB1","F8A61C00084CB5B5",33.400001525878906,1011.554443359375,47.099998474121094,4.0000009536743164,10,"CW-MX-001"
2019-11-14T00:00:00.0000000,2019-11-14T10:58:17.8826811Z,0,2019-11-14T10:58:17.8360000Z,"WeatherStation","64343BB1","845C366D656905DD",33.400001525878906,1011.54248046875,46.900001525878906,4.0000009536743164,11,"CW-MX-001"
2019-11-14T00:00:00.0000000,2019-11-14T10:58:23.1627241Z,0,2019-11-14T10:58:23.1340000Z,"WeatherStation","64343BB1","845C366D656905DD",33.400001525878906,1011.636962890625,46.599998474121094,4.0000009536743164,11,"CW-MX-001"
2019-11-14T00:00:00.0000000,2019-11-14T10:58:28.7564407Z,0,2019-11-14T10:58:28.6830000Z,"WeatherStation","64343BB1","B096D5EE69AF0F69",33.299999237060547,1011.53564453125,46.700000762939453,4.0000009536743164,11,"CW-MX-001"
2019-11-14T00:00:00.0000000,2019-11-14T10:58:34.2384227Z,0,2019-11-14T10:58:34.2000000Z,"WeatherStation","64343BB1","49C7F5D2D26A619D",33.299999237060547,1011.55908203125,46.799999237060547,4.0000009536743164,9,"CW-MX-001"
2019-11-14T00:00:00.0000000,2019-11-14T10:58:39.6164744Z,0,2019-11-14T10:58:39.4980000Z,"WeatherStation","64343BB1","890B4E7B87AD680E",33.400001525878906,1011.612060546875,54.799999237060547,10.399994850158691,18,"CW-MX-001"
2019-11-14T00:00:00.0000000,2019-11-14T10:58:45.0975355Z,0,2019-11-14T10:58:45.0160000Z,"WeatherStation","64343BB1","22FBB7FA38AA4F1C",33.400001525878906,1011.56982421875,59.599998474121094,15.599989891052246,10,"CW-MX-001"
2019-11-14T00:00:00.0000000,2019-11-14T10:58:50.3825691Z,0,2019-11-14T10:58:50.3310000Z,"WeatherStation","64343BB1","22FBB7FA38AA4F1C",33.400001525878906,1011.566650390625,54.700000762939453,15.599989891052246,10,"CW-MX-001"
2019-11-14T00:00:00.0000000,2019-11-14T10:58:55.8785611Z,0,2019-11-14T10:58:55.8320000Z,"WeatherStation","64343BB1","5426FB4B00AEBF36",33.5,1011.558837890625,53,15.599989891052246,11,"CW-MX-001"
2019-11-14T00:00:00.0000000,2019-11-14T10:59:01.4715868Z,0,2019-11-14T10:59:01.3480000Z,"WeatherStation","64343BB1","22FBB7FA38AA4F1C",33.400001525878906,1011.592041015625,51.599998474121094,15.599989891052246,10,"CW-MX-001"
2019-11-14T00:00:00.0000000,2019-11-14T10:59:06.7506192Z,0,2019-11-14T10:59:06.6620000Z,"WeatherStation","64343BB1","5426FB4B00AEBF36",33.5,1011.593017578125,50.900001525878906,15.599989891052246,11,"CW-MX-001"
2019-11-14T00:00:00.0000000,2019-11-14T10:59:12.2388203Z,0,2019-11-14T10:59:12.2110000Z,"WeatherStation","64343BB1","CEA29DB26C7B9DAA",33.5,1011.615966796875,50.099998474121094,15.599989891052246,9,"CW-MX-001"
2019-11-14T00:00:00.0000000,2019-11-14T10:59:17.8135775Z,0,2019-11-14T10:59:17.7610000Z,"WeatherStation","64343BB1","88172E7D38BB19D3",33.5,1011.634521484375,49.799999237060547,15.599989891052246,10,"CW-MX-001"
2019-11-14T00:00:00.0000000,2019-11-14T10:59:23.1906098Z,0,2019-11-14T10:59:23.1220000Z,"WeatherStation","64343BB1","4234E35B854322BB",33.599998474121094,1011.60693359375,49.400001525878906,15.599989891052246,10,"CW-MX-001"
2019-11-14T00:00:00.0000000,2019-11-14T10:59:28.7636861Z,0,2019-11-14T10:59:28.6540000Z,"WeatherStation","64343BB1","4234E35B854322BB",33.599998474121094,1011.59375,48.900001525878906,15.599989891052246,10,"CW-MX-001"
2019-11-14T00:00:00.0000000,2019-11-14T10:59:34.1407380Z,0,2019-11-14T10:59:34.0310000Z,"WeatherStation","64343BB1","88172E7D38BB19D3",33.5,1011.605712890625,48,15.599989891052246,10,"CW-MX-001"
2019-11-14T00:00:00.0000000,2019-11-14T10:59:39.4145694Z,0,2019-11-14T10:59:39.3930000Z,"WeatherStation","64343BB1","7E3C4B3D418B1B24",33.599998474121094,1011.580322265625,47.900001525878906,15.599989891052246,9,"CW-MX-001"
2019-11-14T00:00:00.0000000,2019-11-14T10:59:45.0076197Z,0,2019-11-14T10:59:44.8930000Z,"WeatherStation","64343BB1","4234E35B854322BB",33.599998474121094,1011.6171875,47.299999237060547,15.599989891052246,10,"CW-MX-001"
2019-11-14T00:00:00.0000000,2019-11-14T10:59:50.2826539Z,0,2019-11-14T10:59:50.2070000Z,"WeatherStation","64343BB1","4234E35B854322BB",33.599998474121094,1011.593505859375,47.200000762939453,15.599989891052246,10,"CW-MX-001"
2019-11-14T00:00:00.0000000,2019-11-14T10:59:55.8666599Z,0,2019-11-14T10:59:55.7560000Z,"WeatherStation","64343BB1","4234E35B854322BB",33.599998474121094,1011.603271484375,46.799999237060547,15.599989891052246,10,"CW-MX-001"
