{
    "$schema": "https://schema.management.azure.com/schemas/2015-01-01/deploymentParameters.json#",
    "contentVersion": "1.0.0.0",
    "parameters": {
        "IotHubs_iothub64343bb1_connectionString": {
            "value": null
        },
        "IotHubs_iothub64343bb1_containerName": {
            "value": null
        },
        "sites_iotfunc64343bb1_name": {
            "value": null
        },
        "serverfarms_WestUSPlan_name": {
            "value": null
        },
        "IotHubs_iothub64343bb1_name": {
            "value": null
        },
        "components_iotapp64343bb1_name": {
            "value": null
        },
        "accounts_iotdls64343bb1_name": {
            "value": null
        },
        "metricAlerts_Device_20connected_name": {
            "value": null
        },
        "storageAccounts_iotstore64343bb1_name": {
            "value": null
        },
        "accounts_iotdla64343bb1_name": {
            "value": null
        },
        "provisioningServices_iotdps64343bb1_name": {
            "value": null
        },
        "streamingjobs_iotasa64343bb1_name": {
            "value": null
        },
        "databaseAccounts_iotcosmos64343bb1_name": {
            "value": null
        },
        "actionGroups_Application_20Insights_20Smart_20Detection_name": {
            "value": null
        },
        "smartdetectoralertrules_failure_anomalies___iotapp64343bb1_name": {
            "value": null
        }
    }
}